{
  "run_id": "W2_wifi_periodic_7s_quiet_telemetry_v2_rep10",
  "power": {
    "power_sample_count": 3000,
    "mean_power_mW": 383.78501774833336,
    "median_power_mW": 339.541962,
    "std_power_mW": 118.8762349322624,
    "min_power_mW": 312.671753,
    "p95_power_mW": 708.396912,
    "max_power_mW": 784.122131,
    "samples_above_500mW": 377,
    "fraction_above_500mW": 0.12566666666666668,
    "mean_current_mA": 74.67174396566666,
    "median_current_mA": 65.172516,
    "max_current_mA": 156.922134,
    "mean_bus_v": 5.174214583333333,
    "min_bus_v": 4.9625,
    "max_bus_v": 5.24625
  },
  "energy_mJ": 115058.14659799199,
  "latency": {
    "available": false,
    "source": null,
    "kind": null,
    "sample_count": 0,
    "reason": "No recognized latency column with valid numeric samples."
  },
  "timing": {
    "mean_interval_ms": 6999.735999999999,
    "median_interval_ms": 6999.9974999999995,
    "std_interval_ms": 1.7109441695215442,
    "jitter_ms": 1.7109441695215442,
    "max_interval_ms": 7000.448,
    "min_interval_ms": 6988.971
  },
  "reliability": {
    "expected_events": 43,
    "actual_events": 43,
    "missing_events": 0,
    "loss_rate": 0.0,
    "duplicates": 0
  },
  "events": {
    "event_count": 43,
    "mean_event_interval_ms": 6999.735999999999,
    "median_event_interval_ms": 6999.9974999999995,
    "max_event_interval_ms": 7000.448
  }
}