{
  "run_id": "W2_wifi_periodic_1s_quiet_telemetry_v2_rep6",
  "power": {
    "power_sample_count": 3001,
    "mean_power_mW": 374.9019843085639,
    "median_power_mW": 339.541962,
    "std_power_mW": 106.95587181833432,
    "min_power_mW": 312.671753,
    "p95_power_mW": 703.511414,
    "max_power_mW": 776.793884,
    "samples_above_500mW": 308,
    "fraction_above_500mW": 0.10263245584805065,
    "mean_current_mA": 72.97501527224257,
    "median_current_mA": 65.270226,
    "max_current_mA": 156.335876,
    "mean_bus_v": 5.180106214595135,
    "min_bus_v": 4.93875,
    "max_bus_v": 5.25125
  },
  "energy_mJ": 112431.7194656882,
  "latency": {
    "available": false,
    "source": null,
    "kind": null,
    "sample_count": 0,
    "reason": "No recognized latency column with valid numeric samples."
  },
  "timing": {
    "mean_interval_ms": 999.9605,
    "median_interval_ms": 999.9975,
    "std_interval_ms": 0.6666586702419002,
    "jitter_ms": 0.6666586702419002,
    "max_interval_ms": 1000.635,
    "min_interval_ms": 988.583
  },
  "reliability": {
    "expected_events": 301,
    "actual_events": 301,
    "missing_events": 0,
    "loss_rate": 0.0,
    "duplicates": 0
  },
  "events": {
    "event_count": 301,
    "mean_event_interval_ms": 999.9605,
    "median_event_interval_ms": 999.9975,
    "max_event_interval_ms": 1000.635
  }
}