{
  "run_id": "R606",
  "baseline_run_id": "R600",
  "w3_context": {
    "comparison_group": "W3_wifi_auto",
    "load_level": "moderate",
    "interference": "iperf",
    "iperf_profile": "20Mbps_tcp",
    "interval_nominal_ms": 3000.0,
    "interval_jitter_ms": 250.0
  },
  "w3": {
    "mean_latency_ms": 31.628309999999992,
    "std_latency_ms": 141.85027693721838,
    "p95_latency_ms": 23.094749999999998,
    "temporal_std_ms": 44.41071343702378,
    "drop_rate": 0.0,
    "reliability_rate": 1.0
  },
  "baseline": {
    "mean_latency_ms": 29.000539999999997,
    "std_latency_ms": 144.0940816996908,
    "p95_latency_ms": 20.03415,
    "temporal_std_ms": 45.4964039454695,
    "drop_rate": 0.0,
    "reliability_rate": 1.0
  },
  "w3_delta": {
    "delta_mean_latency_ms": 2.6277699999999946,
    "delta_std_latency_ms": -2.243804762472422,
    "delta_p95_latency_ms": 3.0605999999999973,
    "delta_temporal_std_ms": -1.0856905084457225,
    "delta_drop_rate": 0.0,
    "delta_reliability_rate": 0.0,
    "pct_mean_latency_increase": 9.061107138005,
    "pct_p95_latency_increase": 15.276914668204029
  },
  "impact_label": "moderate"
}