{
  "run_id": "W2_wifi_periodic_10s_quiet_telemetry_v2_rep10",
  "power": {
    "power_sample_count": 3001,
    "mean_power_mW": 384.5142505081639,
    "median_power_mW": 339.541962,
    "std_power_mW": 121.54164763423746,
    "min_power_mW": 307.786255,
    "p95_power_mW": 715.725159,
    "max_power_mW": 1001.526733,
    "samples_above_500mW": 366,
    "fraction_above_500mW": 0.12195934688437188,
    "mean_current_mA": 74.56233720593134,
    "median_current_mA": 65.367935,
    "max_current_mA": 207.926712,
    "mean_bus_v": 5.183378873708763,
    "min_bus_v": 4.8725,
    "max_bus_v": 5.22125
  },
  "energy_mJ": 115317.77551487948,
  "latency": {
    "available": false,
    "source": null,
    "kind": null,
    "sample_count": 0,
    "reason": "No recognized latency column with valid numeric samples."
  },
  "timing": {
    "mean_interval_ms": 9999.617266666666,
    "median_interval_ms": 9999.9965,
    "std_interval_ms": 2.106709264810178,
    "jitter_ms": 2.106709264810178,
    "max_interval_ms": 10000.432,
    "min_interval_ms": 9988.507
  },
  "reliability": {
    "expected_events": 31,
    "actual_events": 31,
    "missing_events": 0,
    "loss_rate": 0.0,
    "duplicates": 0
  },
  "events": {
    "event_count": 31,
    "mean_event_interval_ms": 9999.617266666666,
    "median_event_interval_ms": 9999.9965,
    "max_event_interval_ms": 10000.432
  }
}