{
  "run_id": "W2_wifi_periodic_8s_quiet_ctrl_v2_rep16",
  "power": {
    "power_sample_count": 8201,
    "mean_power_mW": 376.61746559383,
    "median_power_mW": 339.541962,
    "std_power_mW": 108.2802957629809,
    "min_power_mW": 305.343506,
    "p95_power_mW": 703.511414,
    "max_power_mW": 913.587769,
    "samples_above_500mW": 846,
    "fraction_above_500mW": 0.10315815144494574,
    "mean_current_mA": 73.37045076466283,
    "median_current_mA": 65.563362,
    "max_current_mA": 180.470215,
    "mean_bus_v": 5.161671290086574,
    "min_bus_v": 4.88625,
    "max_bus_v": 5.23875
  },
  "energy_mJ": 308791.2994067307,
  "latency": {
    "available": false,
    "source": null,
    "kind": null,
    "sample_count": 0,
    "reason": "No recognized latency column with valid numeric samples."
  },
  "timing": {
    "mean_interval_ms": 7999.889421568629,
    "median_interval_ms": 7999.996,
    "std_interval_ms": 1.1230494680329526,
    "jitter_ms": 1.1230494680329526,
    "max_interval_ms": 8000.422,
    "min_interval_ms": 7988.739
  },
  "reliability": {
    "expected_events": 103,
    "actual_events": 103,
    "missing_events": 0,
    "loss_rate": 0.0,
    "duplicates": 0
  },
  "events": {
    "event_count": 103,
    "mean_event_interval_ms": 7999.889421568629,
    "median_event_interval_ms": 7999.996,
    "max_event_interval_ms": 8000.422
  }
}