{
  "run_id": "W2_wifi_periodic_5s_quiet_ctrl_v2_rep7",
  "power": {
    "power_sample_count": 3000,
    "mean_power_mW": 377.00557752733334,
    "median_power_mW": 339.541962,
    "std_power_mW": 110.57040061925247,
    "min_power_mW": 305.343506,
    "p95_power_mW": 703.511414,
    "max_power_mW": 764.580139,
    "samples_above_500mW": 318,
    "fraction_above_500mW": 0.106,
    "mean_current_mA": 73.15978034033333,
    "median_current_mA": 65.172516,
    "max_current_mA": 153.79541,
    "mean_bus_v": 5.176628333333334,
    "min_bus_v": 4.89375,
    "max_bus_v": 5.24375
  },
  "energy_mJ": 113030.81248093728,
  "latency": {
    "available": false,
    "source": null,
    "kind": null,
    "sample_count": 0,
    "reason": "No recognized latency column with valid numeric samples."
  },
  "timing": {
    "mean_interval_ms": 4999.812525423729,
    "median_interval_ms": 4999.996,
    "std_interval_ms": 1.4550071495965047,
    "jitter_ms": 1.4550071495965047,
    "max_interval_ms": 5000.576,
    "min_interval_ms": 4988.96
  },
  "reliability": {
    "expected_events": 60,
    "actual_events": 60,
    "missing_events": 0,
    "loss_rate": 0.0,
    "duplicates": 0
  },
  "events": {
    "event_count": 60,
    "mean_event_interval_ms": 4999.812525423729,
    "median_event_interval_ms": 4999.996,
    "max_event_interval_ms": 5000.576
  }
}