{
  "run_id": "W2_wifi_periodic_9s_quiet_ctrl_v2_rep6",
  "power": {
    "power_sample_count": 3001,
    "mean_power_mW": 371.8585204475175,
    "median_power_mW": 339.541962,
    "std_power_mW": 102.43555525147592,
    "min_power_mW": 307.786255,
    "p95_power_mW": 696.183228,
    "max_power_mW": 776.793884,
    "samples_above_500mW": 285,
    "fraction_above_500mW": 0.09496834388537154,
    "mean_current_mA": 72.16142887704098,
    "median_current_mA": 65.172516,
    "max_current_mA": 176.366409,
    "mean_bus_v": 5.1791919360213265,
    "min_bus_v": 4.95375,
    "max_bus_v": 5.24375
  },
  "energy_mJ": 111517.81131238941,
  "latency": {
    "available": false,
    "source": null,
    "kind": null,
    "sample_count": 0,
    "reason": "No recognized latency column with valid numeric samples."
  },
  "timing": {
    "mean_interval_ms": 8999.647484848483,
    "median_interval_ms": 8999.999,
    "std_interval_ms": 1.9773736862505054,
    "jitter_ms": 1.9773736862505054,
    "max_interval_ms": 9000.657,
    "min_interval_ms": 8988.713
  },
  "reliability": {
    "expected_events": 34,
    "actual_events": 34,
    "missing_events": 0,
    "loss_rate": 0.0,
    "duplicates": 0
  },
  "events": {
    "event_count": 34,
    "mean_event_interval_ms": 8999.647484848483,
    "median_event_interval_ms": 8999.999,
    "max_event_interval_ms": 9000.657
  }
}