{
  "run_id": "W2_wifi_periodic_1s_quiet_ctrl_v2",
  "power": {
    "power_sample_count": 3001,
    "mean_power_mW": 358.6891879133622,
    "median_power_mW": 324.885498,
    "std_power_mW": 103.77273925646057,
    "min_power_mW": 295.57251,
    "p95_power_mW": 688.854919,
    "max_power_mW": 764.580139,
    "samples_above_500mW": 278,
    "fraction_above_500mW": 0.09263578807064311,
    "mean_current_mA": 72.69819839020326,
    "median_current_mA": 65.172516,
    "max_current_mA": 167.57251,
    "mean_bus_v": 4.982204681772742,
    "min_bus_v": 4.6825,
    "max_bus_v": 5.01375
  },
  "energy_mJ": 107600.55828046122,
  "latency": {
    "available": false,
    "source": null,
    "kind": null,
    "sample_count": 0,
    "reason": "No recognized latency column with valid numeric samples."
  },
  "timing": {
    "mean_interval_ms": 999.9969500000001,
    "median_interval_ms": 999.999,
    "std_interval_ms": 0.1190798367696382,
    "jitter_ms": 0.1190798367696382,
    "max_interval_ms": 1000.707,
    "min_interval_ms": 999.002
  },
  "reliability": {
    "expected_events": 301,
    "actual_events": 301,
    "missing_events": 0,
    "loss_rate": 0.0,
    "duplicates": 0
  },
  "events": {
    "event_count": 301,
    "mean_event_interval_ms": 999.9969500000001,
    "median_event_interval_ms": 999.999,
    "max_event_interval_ms": 1000.707
  }
}