{
  "run_id": "W2_wifi_periodic_8s_quiet_telemetry_v2_rep6",
  "power": {
    "power_sample_count": 3001,
    "mean_power_mW": 380.1269090653116,
    "median_power_mW": 339.541962,
    "std_power_mW": 114.10786278784109,
    "min_power_mW": 315.114502,
    "p95_power_mW": 708.396912,
    "max_power_mW": 771.908386,
    "samples_above_500mW": 349,
    "fraction_above_500mW": 0.11629456847717427,
    "mean_current_mA": 73.79557112629122,
    "median_current_mA": 65.172516,
    "max_current_mA": 155.651901,
    "mean_bus_v": 5.17556647784072,
    "min_bus_v": 4.93625,
    "max_bus_v": 5.24875
  },
  "energy_mJ": 114004.18160385886,
  "latency": {
    "available": false,
    "source": null,
    "kind": null,
    "sample_count": 0,
    "reason": "No recognized latency column with valid numeric samples."
  },
  "timing": {
    "mean_interval_ms": 7999.684864864864,
    "median_interval_ms": 7999.998,
    "std_interval_ms": 1.9074663265144471,
    "jitter_ms": 1.9074663265144471,
    "max_interval_ms": 8000.287,
    "min_interval_ms": 7988.404
  },
  "reliability": {
    "expected_events": 38,
    "actual_events": 38,
    "missing_events": 0,
    "loss_rate": 0.0,
    "duplicates": 0
  },
  "events": {
    "event_count": 38,
    "mean_event_interval_ms": 7999.684864864864,
    "median_event_interval_ms": 7999.998,
    "max_event_interval_ms": 8000.287
  }
}