{
  "run_id": "W2_wifi_periodic_3s_quiet_ctrl_v2_rep8",
  "power": {
    "power_sample_count": 3000,
    "mean_power_mW": 370.71957231133337,
    "median_power_mW": 339.541962,
    "std_power_mW": 102.80227383558098,
    "min_power_mW": 307.786255,
    "p95_power_mW": 696.183228,
    "max_power_mW": 852.519104,
    "samples_above_500mW": 276,
    "fraction_above_500mW": 0.092,
    "mean_current_mA": 71.903654707,
    "median_current_mA": 64.879387,
    "max_current_mA": 171.676315,
    "mean_bus_v": 5.185740833333333,
    "min_bus_v": 4.96625,
    "max_bus_v": 5.2475
  },
  "energy_mJ": 111138.16786262236,
  "latency": {
    "available": false,
    "source": null,
    "kind": null,
    "sample_count": 0,
    "reason": "No recognized latency column with valid numeric samples."
  },
  "timing": {
    "mean_interval_ms": 2999.8861717171712,
    "median_interval_ms": 2999.996,
    "std_interval_ms": 1.1506638194166032,
    "jitter_ms": 1.1506638194166032,
    "max_interval_ms": 3000.716,
    "min_interval_ms": 2988.738
  },
  "reliability": {
    "expected_events": 100,
    "actual_events": 100,
    "missing_events": 0,
    "loss_rate": 0.0,
    "duplicates": 0
  },
  "events": {
    "event_count": 100,
    "mean_event_interval_ms": 2999.8861717171712,
    "median_event_interval_ms": 2999.996,
    "max_event_interval_ms": 3000.716
  }
}