{
  "run_id": "W2_wifi_periodic_6s_quiet_telemetry_v2_rep7",
  "power": {
    "power_sample_count": 3001,
    "mean_power_mW": 375.59630760579813,
    "median_power_mW": 339.541962,
    "std_power_mW": 108.79068537746502,
    "min_power_mW": 312.671753,
    "p95_power_mW": 708.396912,
    "max_power_mW": 764.580139,
    "samples_above_500mW": 304,
    "fraction_above_500mW": 0.10129956681106297,
    "mean_current_mA": 73.01701736054648,
    "median_current_mA": 65.270226,
    "max_current_mA": 156.531296,
    "mean_bus_v": 5.176833138953683,
    "min_bus_v": 4.9275,
    "max_bus_v": 5.2475
  },
  "energy_mJ": 112644.52137828915,
  "latency": {
    "available": false,
    "source": null,
    "kind": null,
    "sample_count": 0,
    "reason": "No recognized latency column with valid numeric samples."
  },
  "timing": {
    "mean_interval_ms": 5999.774900000001,
    "median_interval_ms": 5999.9905,
    "std_interval_ms": 1.5845783737162287,
    "jitter_ms": 1.5845783737162287,
    "max_interval_ms": 6000.407,
    "min_interval_ms": 5988.824
  },
  "reliability": {
    "expected_events": 51,
    "actual_events": 51,
    "missing_events": 0,
    "loss_rate": 0.0,
    "duplicates": 0
  },
  "events": {
    "event_count": 51,
    "mean_event_interval_ms": 5999.774900000001,
    "median_event_interval_ms": 5999.9905,
    "max_event_interval_ms": 6000.407
  }
}