{
  "run_id": "W2_wifi_periodic_7s_quiet_telemetry_v2_rep8",
  "power": {
    "power_sample_count": 3001,
    "mean_power_mW": 373.9496299663446,
    "median_power_mW": 339.541962,
    "std_power_mW": 107.20259176202464,
    "min_power_mW": 312.671753,
    "p95_power_mW": 701.068726,
    "max_power_mW": 801.221375,
    "samples_above_500mW": 308,
    "fraction_above_500mW": 0.10263245584805065,
    "mean_current_mA": 72.54998956581139,
    "median_current_mA": 64.879387,
    "max_current_mA": 159.755722,
    "mean_bus_v": 5.184890036654449,
    "min_bus_v": 4.955,
    "max_bus_v": 5.25
  },
  "energy_mJ": 112154.20603217682,
  "latency": {
    "available": false,
    "source": null,
    "kind": null,
    "sample_count": 0,
    "reason": "No recognized latency column with valid numeric samples."
  },
  "timing": {
    "mean_interval_ms": 6999.7306666666655,
    "median_interval_ms": 6999.996,
    "std_interval_ms": 1.7606019572954879,
    "jitter_ms": 1.7606019572954879,
    "max_interval_ms": 7000.498,
    "min_interval_ms": 6988.641
  },
  "reliability": {
    "expected_events": 43,
    "actual_events": 43,
    "missing_events": 0,
    "loss_rate": 0.0,
    "duplicates": 0
  },
  "events": {
    "event_count": 43,
    "mean_event_interval_ms": 6999.7306666666655,
    "median_event_interval_ms": 6999.996,
    "max_event_interval_ms": 7000.498
  }
}