{
  "run_id": "W2_wifi_periodic_500ms_quiet_ctrl_v2_rep1",
  "power": {
    "power_sample_count": 3001,
    "mean_power_mW": 374.41848893635455,
    "median_power_mW": 332.213715,
    "std_power_mW": 121.83017153789288,
    "min_power_mW": 224.732819,
    "p95_power_mW": 720.610657,
    "max_power_mW": 791.450378,
    "samples_above_500mW": 355,
    "fraction_above_500mW": 0.11829390203265579,
    "mean_current_mA": 75.26584288437188,
    "median_current_mA": 65.856483,
    "max_current_mA": 163.370987,
    "mean_bus_v": 5.0087558313895375,
    "min_bus_v": 4.8125,
    "max_bus_v": 5.0775
  },
  "energy_mJ": 112341.36268363282,
  "latency": {
    "available": false,
    "source": null,
    "kind": null,
    "sample_count": 0,
    "reason": "No recognized latency column with valid numeric samples."
  },
  "timing": {
    "mean_interval_ms": 499.998875,
    "median_interval_ms": 500.0,
    "std_interval_ms": 0.19088405882854206,
    "jitter_ms": 0.19088405882854206,
    "max_interval_ms": 500.489,
    "min_interval_ms": 498.873
  },
  "reliability": {
    "expected_events": 601,
    "actual_events": 601,
    "missing_events": 0,
    "loss_rate": 0.0,
    "duplicates": 0
  },
  "events": {
    "event_count": 601,
    "mean_event_interval_ms": 499.998875,
    "median_event_interval_ms": 500.0,
    "max_event_interval_ms": 500.489
  }
}