{
  "run_id": "W2_wifi_periodic_6s_quiet_telemetry_v2_rep5",
  "power": {
    "power_sample_count": 3000,
    "mean_power_mW": 374.20700254133334,
    "median_power_mW": 337.099213,
    "std_power_mW": 109.13012258620184,
    "min_power_mW": 312.671753,
    "p95_power_mW": 703.511414,
    "max_power_mW": 789.007629,
    "samples_above_500mW": 310,
    "fraction_above_500mW": 0.10333333333333333,
    "mean_current_mA": 72.44477235766666,
    "median_current_mA": 64.683968,
    "max_current_mA": 156.824432,
    "mean_bus_v": 5.192515,
    "min_bus_v": 4.96625,
    "max_bus_v": 5.255
  },
  "energy_mJ": 112190.98538688244,
  "latency": {
    "available": false,
    "source": null,
    "kind": null,
    "sample_count": 0,
    "reason": "No recognized latency column with valid numeric samples."
  },
  "timing": {
    "mean_interval_ms": 5999.773653061224,
    "median_interval_ms": 6000.0,
    "std_interval_ms": 1.5899080103240344,
    "jitter_ms": 1.5899080103240344,
    "max_interval_ms": 6000.389,
    "min_interval_ms": 5988.915
  },
  "reliability": {
    "expected_events": 50,
    "actual_events": 50,
    "missing_events": 0,
    "loss_rate": 0.0,
    "duplicates": 0
  },
  "events": {
    "event_count": 50,
    "mean_event_interval_ms": 5999.773653061224,
    "median_event_interval_ms": 6000.0,
    "max_event_interval_ms": 6000.389
  }
}