{
  "run_id": "W2_wifi_periodic_500ms_quiet_ctrl_v2_rep3",
  "power": {
    "power_sample_count": 3001,
    "mean_power_mW": 376.20841912062644,
    "median_power_mW": 337.099213,
    "std_power_mW": 113.31039982063804,
    "min_power_mW": 307.786255,
    "p95_power_mW": 703.511414,
    "max_power_mW": 771.908386,
    "samples_above_500mW": 342,
    "fraction_above_500mW": 0.11396201266244585,
    "mean_current_mA": 72.91699590803066,
    "median_current_mA": 64.390839,
    "max_current_mA": 155.163345,
    "mean_bus_v": 5.190474425191603,
    "min_bus_v": 4.96125,
    "max_bus_v": 5.26
  },
  "energy_mJ": 112824.00531021366,
  "latency": {
    "available": false,
    "source": null,
    "kind": null,
    "sample_count": 0,
    "reason": "No recognized latency column with valid numeric samples."
  },
  "timing": {
    "mean_interval_ms": 499.9809716666666,
    "median_interval_ms": 500.0,
    "std_interval_ms": 0.5010597092672431,
    "jitter_ms": 0.5010597092672431,
    "max_interval_ms": 500.484,
    "min_interval_ms": 488.598
  },
  "reliability": {
    "expected_events": 601,
    "actual_events": 601,
    "missing_events": 0,
    "loss_rate": 0.0,
    "duplicates": 0
  },
  "events": {
    "event_count": 601,
    "mean_event_interval_ms": 499.9809716666666,
    "median_event_interval_ms": 500.0,
    "max_event_interval_ms": 500.484
  }
}