{
  "run_id": "W2_wifi_periodic_5s_quiet_telemetry_v2_rep10",
  "power": {
    "power_sample_count": 3001,
    "mean_power_mW": 378.4973252012662,
    "median_power_mW": 339.541962,
    "std_power_mW": 113.71333585425072,
    "min_power_mW": 312.671753,
    "p95_power_mW": 708.396912,
    "max_power_mW": 784.122131,
    "samples_above_500mW": 340,
    "fraction_above_500mW": 0.11329556814395202,
    "mean_current_mA": 73.4833278370543,
    "median_current_mA": 65.172516,
    "max_current_mA": 184.085495,
    "mean_bus_v": 5.17299358547151,
    "min_bus_v": 4.905,
    "max_bus_v": 5.23875
  },
  "energy_mJ": 113509.53548194913,
  "latency": {
    "available": false,
    "source": null,
    "kind": null,
    "sample_count": 0,
    "reason": "No recognized latency column with valid numeric samples."
  },
  "timing": {
    "mean_interval_ms": 4999.811133333334,
    "median_interval_ms": 4999.9915,
    "std_interval_ms": 1.4649102299870684,
    "jitter_ms": 1.4649102299870684,
    "max_interval_ms": 5000.43,
    "min_interval_ms": 4988.716
  },
  "reliability": {
    "expected_events": 61,
    "actual_events": 61,
    "missing_events": 0,
    "loss_rate": 0.0,
    "duplicates": 0
  },
  "events": {
    "event_count": 61,
    "mean_event_interval_ms": 4999.811133333334,
    "median_event_interval_ms": 4999.9915,
    "max_event_interval_ms": 5000.43
  }
}