{
  "run_id": "W2_wifi_periodic_2s_quiet_telemetry_v2_rep10",
  "power": {
    "power_sample_count": 3001,
    "mean_power_mW": 383.62375829056987,
    "median_power_mW": 339.541962,
    "std_power_mW": 119.5153327705505,
    "min_power_mW": 312.671753,
    "p95_power_mW": 713.28241,
    "max_power_mW": 776.793884,
    "samples_above_500mW": 366,
    "fraction_above_500mW": 0.12195934688437188,
    "mean_current_mA": 74.3894158173942,
    "median_current_mA": 65.172516,
    "max_current_mA": 156.922134,
    "mean_bus_v": 5.176642369210264,
    "min_bus_v": 4.96625,
    "max_bus_v": 5.21125
  },
  "energy_mJ": 115048.45565323146,
  "latency": {
    "available": false,
    "source": null,
    "kind": null,
    "sample_count": 0,
    "reason": "No recognized latency column with valid numeric samples."
  },
  "timing": {
    "mean_interval_ms": 1999.9251399999996,
    "median_interval_ms": 2000.004,
    "std_interval_ms": 0.9526161013988269,
    "jitter_ms": 0.9526161013988269,
    "max_interval_ms": 2000.425,
    "min_interval_ms": 1988.444
  },
  "reliability": {
    "expected_events": 151,
    "actual_events": 151,
    "missing_events": 0,
    "loss_rate": 0.0,
    "duplicates": 0
  },
  "events": {
    "event_count": 151,
    "mean_event_interval_ms": 1999.9251399999996,
    "median_event_interval_ms": 2000.004,
    "max_event_interval_ms": 2000.425
  }
}