{
  "run_id": "W2_wifi_periodic_2s_quiet_telemetry_v2_rep4",
  "power": {
    "power_sample_count": 3001,
    "mean_power_mW": 376.31179472509166,
    "median_power_mW": 337.099213,
    "std_power_mW": 110.82680942114632,
    "min_power_mW": 312.671753,
    "p95_power_mW": 703.511414,
    "max_power_mW": 776.793884,
    "samples_above_500mW": 337,
    "fraction_above_500mW": 0.11229590136621126,
    "mean_current_mA": 73.11769053382206,
    "median_current_mA": 64.977097,
    "max_current_mA": 156.433578,
    "mean_bus_v": 5.174257330889704,
    "min_bus_v": 4.93375,
    "max_bus_v": 5.24
  },
  "energy_mJ": 112857.84297306431,
  "latency": {
    "available": false,
    "source": null,
    "kind": null,
    "sample_count": 0,
    "reason": "No recognized latency column with valid numeric samples."
  },
  "timing": {
    "mean_interval_ms": 1999.9232866666669,
    "median_interval_ms": 2000.0,
    "std_interval_ms": 0.9440689553409053,
    "jitter_ms": 0.9440689553409053,
    "max_interval_ms": 2000.414,
    "min_interval_ms": 1988.546
  },
  "reliability": {
    "expected_events": 151,
    "actual_events": 151,
    "missing_events": 0,
    "loss_rate": 0.0,
    "duplicates": 0
  },
  "events": {
    "event_count": 151,
    "mean_event_interval_ms": 1999.9232866666669,
    "median_event_interval_ms": 2000.0,
    "max_event_interval_ms": 2000.414
  }
}