{
  "run_id": "W2_wifi_periodic_9s_quiet_telemetry_v2_rep2",
  "power": {
    "power_sample_count": 5401,
    "mean_power_mW": 365.420814652842,
    "median_power_mW": 327.328247,
    "std_power_mW": 112.59509092345047,
    "min_power_mW": 227.175568,
    "p95_power_mW": 713.28241,
    "max_power_mW": 879.389282,
    "samples_above_500mW": 542,
    "fraction_above_500mW": 0.10035178670616553,
    "mean_current_mA": 73.23954515885947,
    "median_current_mA": 65.172516,
    "max_current_mA": 183.2061,
    "mean_bus_v": 5.022792538418812,
    "min_bus_v": 4.8075,
    "max_bus_v": 5.08
  },
  "energy_mJ": 197343.61226728623,
  "latency": {
    "available": false,
    "source": null,
    "kind": null,
    "sample_count": 0,
    "reason": "No recognized latency column with valid numeric samples."
  },
  "timing": {
    "mean_interval_ms": 8999.99979661017,
    "median_interval_ms": 9000.0,
    "std_interval_ms": 0.03792177959464822,
    "jitter_ms": 0.03792177959464822,
    "max_interval_ms": 9000.084,
    "min_interval_ms": 8999.925
  },
  "reliability": {
    "expected_events": 60,
    "actual_events": 60,
    "missing_events": 0,
    "loss_rate": 0.0,
    "duplicates": 0
  },
  "events": {
    "event_count": 60,
    "mean_event_interval_ms": 8999.99979661017,
    "median_event_interval_ms": 9000.0,
    "max_event_interval_ms": 9000.084
  }
}