{
  "run_id": "W2_wifi_periodic_5s_quiet_ctrl_v2_rep1",
  "power": {
    "power_sample_count": 3001,
    "mean_power_mW": 385.7506937840719,
    "median_power_mW": 332.213715,
    "std_power_mW": 135.31715329190826,
    "min_power_mW": 236.946564,
    "p95_power_mW": 727.938904,
    "max_power_mW": 784.122131,
    "samples_above_500mW": 444,
    "fraction_above_500mW": 0.14795068310563145,
    "mean_current_mA": 77.4134102109297,
    "median_current_mA": 65.465645,
    "max_current_mA": 160.732819,
    "mean_bus_v": 5.02174566811063,
    "min_bus_v": 4.83875,
    "max_bus_v": 5.08,
    "duration_s_from_t_local": 299.999141,
    "mean_sample_interval_ms": 99.99971366666666,
    "median_sample_interval_ms": 100.0,
    "max_sample_interval_ms": 100.916,
    "energy_mJ": 115739.7840010542,
    "unique_last_event_seq_count": 61,
    "mean_dt_since_event_ms": 2505.3770775142,
    "median_dt_since_event_ms": 2460.458,
    "max_dt_since_event_ms": 4960.48
  },
  "events": {
    "event_count": 60,
    "first_event_seq": 1,
    "last_event_seq": 60,
    "unique_event_seq_count": 60,
    "duration_s_from_events": 294.999927,
    "mean_event_interval_ms": 4999.998762711864,
    "median_event_interval_ms": 4999.998,
    "max_event_interval_ms": 5000.082,
    "trigger_counts": {
      "periodic": 60
    }
  }
}