{
  "run_id": "W2_wifi_periodic_8s_quiet_ctrl_v2_rep15",
  "power": {
    "power_sample_count": 8201,
    "mean_power_mW": 388.04843041677844,
    "median_power_mW": 339.541962,
    "std_power_mW": 121.69492725920792,
    "min_power_mW": 312.671753,
    "p95_power_mW": 708.396912,
    "max_power_mW": 789.007629,
    "samples_above_500mW": 1099,
    "fraction_above_500mW": 0.1340080477990489,
    "mean_current_mA": 75.70412244323862,
    "median_current_mA": 65.856483,
    "max_current_mA": 159.169464,
    "mean_bus_v": 5.155604194610413,
    "min_bus_v": 4.8925,
    "max_bus_v": 5.2425
  },
  "energy_mJ": 318163.84870945086,
  "latency": {
    "available": false,
    "source": null,
    "kind": null,
    "sample_count": 0,
    "reason": "No recognized latency column with valid numeric samples."
  },
  "timing": {
    "mean_interval_ms": 7999.886735294118,
    "median_interval_ms": 8000.0,
    "std_interval_ms": 1.1534292986823174,
    "jitter_ms": 1.1534292986823174,
    "max_interval_ms": 8000.468,
    "min_interval_ms": 7988.425
  },
  "reliability": {
    "expected_events": 103,
    "actual_events": 103,
    "missing_events": 0,
    "loss_rate": 0.0,
    "duplicates": 0
  },
  "events": {
    "event_count": 103,
    "mean_event_interval_ms": 7999.886735294118,
    "median_event_interval_ms": 8000.0,
    "max_event_interval_ms": 8000.468
  }
}