{
  "run_id": "W2_wifi_periodic_1s_quiet_ctrl_v2_rep10",
  "power": {
    "power_sample_count": 3001,
    "mean_power_mW": 373.69729657847387,
    "median_power_mW": 339.541962,
    "std_power_mW": 105.94567615930214,
    "min_power_mW": 307.786255,
    "p95_power_mW": 713.28241,
    "max_power_mW": 789.007629,
    "samples_above_500mW": 284,
    "fraction_above_500mW": 0.09463512162612463,
    "mean_current_mA": 72.53116888670442,
    "median_current_mA": 65.367935,
    "max_current_mA": 158.192352,
    "mean_bus_v": 5.185488587137621,
    "min_bus_v": 4.94625,
    "max_bus_v": 5.21625
  },
  "energy_mJ": 112067.64884594965,
  "latency": {
    "available": false,
    "source": null,
    "kind": null,
    "sample_count": 0,
    "reason": "No recognized latency column with valid numeric samples."
  },
  "timing": {
    "mean_interval_ms": 999.9624333333333,
    "median_interval_ms": 999.997,
    "std_interval_ms": 0.6695856844734107,
    "jitter_ms": 0.6695856844734107,
    "max_interval_ms": 1000.772,
    "min_interval_ms": 988.644
  },
  "reliability": {
    "expected_events": 301,
    "actual_events": 301,
    "missing_events": 0,
    "loss_rate": 0.0,
    "duplicates": 0
  },
  "events": {
    "event_count": 301,
    "mean_event_interval_ms": 999.9624333333333,
    "median_event_interval_ms": 999.997,
    "max_event_interval_ms": 1000.772
  }
}