{
  "run_id": "W2_wifi_periodic_10s_quiet_telemetry_v2_rep3",
  "power": {
    "power_sample_count": 3000,
    "mean_power_mW": 389.5352468003333,
    "median_power_mW": 339.541962,
    "std_power_mW": 126.53883063745823,
    "min_power_mW": 312.671753,
    "p95_power_mW": 708.396912,
    "max_power_mW": 776.793884,
    "samples_above_500mW": 435,
    "fraction_above_500mW": 0.145,
    "mean_current_mA": 75.78013310600001,
    "median_current_mA": 64.977097,
    "max_current_mA": 155.35878,
    "mean_bus_v": 5.183225833333332,
    "min_bus_v": 4.97375,
    "max_bus_v": 5.25375
  },
  "energy_mJ": 116784.6122920139,
  "latency": {
    "available": false,
    "source": null,
    "kind": null,
    "sample_count": 0,
    "reason": "No recognized latency column with valid numeric samples."
  },
  "timing": {
    "mean_interval_ms": 9999.602551724138,
    "median_interval_ms": 10000.006,
    "std_interval_ms": 2.0712934465862953,
    "jitter_ms": 2.0712934465862953,
    "max_interval_ms": 10000.528,
    "min_interval_ms": 9988.932
  },
  "reliability": {
    "expected_events": 30,
    "actual_events": 30,
    "missing_events": 0,
    "loss_rate": 0.0,
    "duplicates": 0
  },
  "events": {
    "event_count": 30,
    "mean_event_interval_ms": 9999.602551724138,
    "median_event_interval_ms": 10000.006,
    "max_event_interval_ms": 10000.528
  }
}