{
  "run_id": "R614",
  "baseline_run_id": "R600",
  "w3_context": {
    "comparison_group": "W3_wifi_auto",
    "load_level": "moderate",
    "interference": "iperf",
    "iperf_profile": "20Mbps_tcp",
    "interval_nominal_ms": 3000.0,
    "interval_jitter_ms": 250.0
  },
  "w3": {
    "mean_latency_ms": 15.453019999999999,
    "std_latency_ms": 4.284836785972628,
    "p95_latency_ms": 24.3056,
    "temporal_std_ms": 1.0145349036216884,
    "drop_rate": 0.0,
    "reliability_rate": 1.0
  },
  "baseline": {
    "mean_latency_ms": 29.000539999999997,
    "std_latency_ms": 144.0940816996908,
    "p95_latency_ms": 20.03415,
    "temporal_std_ms": 45.4964039454695,
    "drop_rate": 0.0,
    "reliability_rate": 1.0
  },
  "w3_delta": {
    "delta_mean_latency_ms": -13.547519999999999,
    "delta_std_latency_ms": -139.80924491371817,
    "delta_p95_latency_ms": 4.271449999999998,
    "delta_temporal_std_ms": -44.481869041847816,
    "delta_drop_rate": 0.0,
    "delta_reliability_rate": 0.0,
    "pct_mean_latency_increase": -46.71471634666113,
    "pct_p95_latency_increase": 21.32084465774689
  },
  "impact_label": "negligible"
}