{
  "run_id": "W2_wifi_periodic_8s_quiet_ctrl_v2_rep3",
  "power": {
    "power_sample_count": 3000,
    "mean_power_mW": 373.1028802486667,
    "median_power_mW": 337.099213,
    "std_power_mW": 107.36026813635871,
    "min_power_mW": 312.671753,
    "p95_power_mW": 703.511414,
    "max_power_mW": 789.007629,
    "samples_above_500mW": 301,
    "fraction_above_500mW": 0.10033333333333333,
    "mean_current_mA": 72.192713451,
    "median_current_mA": 64.78167,
    "max_current_mA": 157.215256,
    "mean_bus_v": 5.19176125,
    "min_bus_v": 4.9525,
    "max_bus_v": 5.24875
  },
  "energy_mJ": 111860.8513145564,
  "latency": {
    "available": false,
    "source": null,
    "kind": null,
    "sample_count": 0,
    "reason": "No recognized latency column with valid numeric samples."
  },
  "timing": {
    "mean_interval_ms": 7999.70008108108,
    "median_interval_ms": 8000.003,
    "std_interval_ms": 1.8269905792248866,
    "jitter_ms": 1.8269905792248866,
    "max_interval_ms": 8000.071,
    "min_interval_ms": 7988.889
  },
  "reliability": {
    "expected_events": 38,
    "actual_events": 38,
    "missing_events": 0,
    "loss_rate": 0.0,
    "duplicates": 0
  },
  "events": {
    "event_count": 38,
    "mean_event_interval_ms": 7999.70008108108,
    "median_event_interval_ms": 8000.003,
    "max_event_interval_ms": 8000.071
  }
}