{
  "run_id": "W2_wifi_periodic_500ms_quiet_telemetry_v2_rep4",
  "power": {
    "power_sample_count": 3000,
    "mean_power_mW": 378.3067485990001,
    "median_power_mW": 339.541962,
    "std_power_mW": 112.80538570586802,
    "min_power_mW": 307.786255,
    "p95_power_mW": 708.396912,
    "max_power_mW": 884.27478,
    "samples_above_500mW": 330,
    "fraction_above_500mW": 0.11,
    "mean_current_mA": 73.390962671,
    "median_current_mA": 65.172516,
    "max_current_mA": 179.297699,
    "mean_bus_v": 5.188041666666667,
    "min_bus_v": 4.93875,
    "max_bus_v": 5.25375
  },
  "energy_mJ": 113419.5295907489,
  "latency": {
    "available": false,
    "source": null,
    "kind": null,
    "sample_count": 0,
    "reason": "No recognized latency column with valid numeric samples."
  },
  "timing": {
    "mean_interval_ms": 499.98153589315524,
    "median_interval_ms": 499.999,
    "std_interval_ms": 0.48643910372825666,
    "jitter_ms": 0.48643910372825666,
    "max_interval_ms": 500.631,
    "min_interval_ms": 488.905
  },
  "reliability": {
    "expected_events": 600,
    "actual_events": 600,
    "missing_events": 0,
    "loss_rate": 0.0,
    "duplicates": 0
  },
  "events": {
    "event_count": 600,
    "mean_event_interval_ms": 499.98153589315524,
    "median_event_interval_ms": 499.999,
    "max_event_interval_ms": 500.631
  }
}