{
  "run_id": "W2_wifi_periodic_3s_quiet_telemetry_v2_rep8",
  "power": {
    "power_sample_count": 3001,
    "mean_power_mW": 373.93009474441857,
    "median_power_mW": 339.541962,
    "std_power_mW": 107.08493323219595,
    "min_power_mW": 312.671753,
    "p95_power_mW": 701.068726,
    "max_power_mW": 884.27478,
    "samples_above_500mW": 306,
    "fraction_above_500mW": 0.10196601132955681,
    "mean_current_mA": 72.48770380906365,
    "median_current_mA": 64.977097,
    "max_current_mA": 154.967941,
    "mean_bus_v": 5.185641869376875,
    "min_bus_v": 4.955,
    "max_bus_v": 5.25125
  },
  "energy_mJ": 112142.88882765063,
  "latency": {
    "available": false,
    "source": null,
    "kind": null,
    "sample_count": 0,
    "reason": "No recognized latency column with valid numeric samples."
  },
  "timing": {
    "mean_interval_ms": 2999.8868899999998,
    "median_interval_ms": 2999.996,
    "std_interval_ms": 1.1526165656339213,
    "jitter_ms": 1.1526165656339213,
    "max_interval_ms": 3000.779,
    "min_interval_ms": 2988.616
  },
  "reliability": {
    "expected_events": 101,
    "actual_events": 101,
    "missing_events": 0,
    "loss_rate": 0.0,
    "duplicates": 0
  },
  "events": {
    "event_count": 101,
    "mean_event_interval_ms": 2999.8868899999998,
    "median_event_interval_ms": 2999.996,
    "max_event_interval_ms": 3000.779
  }
}