{
  "run_id": "W2_wifi_periodic_4s_quiet_ctrl_v2",
  "power": {
    "power_sample_count": 3001,
    "mean_power_mW": 374.6496528837054,
    "median_power_mW": 332.213715,
    "std_power_mW": 118.80154599040807,
    "min_power_mW": 236.946564,
    "p95_power_mW": 725.496155,
    "max_power_mW": 784.122131,
    "samples_above_500mW": 334,
    "fraction_above_500mW": 0.11129623458847052,
    "mean_current_mA": 74.884804032989,
    "median_current_mA": 65.954193,
    "max_current_mA": 161.319077,
    "mean_bus_v": 5.024150283238921,
    "min_bus_v": 4.85,
    "max_bus_v": 5.07875
  },
  "energy_mJ": 112408.59921833027,
  "latency": {
    "available": false,
    "source": null,
    "kind": null,
    "sample_count": 0,
    "reason": "No recognized latency column with valid numeric samples."
  },
  "timing": {
    "mean_interval_ms": 3999.999756756757,
    "median_interval_ms": 4000.0045,
    "std_interval_ms": 0.03614613066346875,
    "jitter_ms": 0.03614613066346875,
    "max_interval_ms": 4000.074,
    "min_interval_ms": 3999.924
  },
  "reliability": {
    "expected_events": 75,
    "actual_events": 75,
    "missing_events": 0,
    "loss_rate": 0.0,
    "duplicates": 0
  },
  "events": {
    "event_count": 75,
    "mean_event_interval_ms": 3999.999756756757,
    "median_event_interval_ms": 4000.0045,
    "max_event_interval_ms": 4000.074
  }
}