{
  "run_id": "W2_wifi_periodic_9s_quiet_ctrl_v2_rep2",
  "power": {
    "power_sample_count": 3001,
    "mean_power_mW": 379.41142300799737,
    "median_power_mW": 337.099213,
    "std_power_mW": 115.7971743236551,
    "min_power_mW": 307.786255,
    "p95_power_mW": 708.396912,
    "max_power_mW": 791.450378,
    "samples_above_500mW": 355,
    "fraction_above_500mW": 0.11829390203265579,
    "mean_current_mA": 73.50279971242918,
    "median_current_mA": 64.683968,
    "max_current_mA": 155.847321,
    "mean_bus_v": 5.190550233255582,
    "min_bus_v": 4.98,
    "max_bus_v": 5.25375
  },
  "energy_mJ": 113783.88118887857,
  "latency": {
    "available": false,
    "source": null,
    "kind": null,
    "sample_count": 0,
    "reason": "No recognized latency column with valid numeric samples."
  },
  "timing": {
    "mean_interval_ms": 8999.658424242423,
    "median_interval_ms": 8999.996,
    "std_interval_ms": 1.9916774341981491,
    "jitter_ms": 1.9916774341981491,
    "max_interval_ms": 9000.586,
    "min_interval_ms": 8988.695
  },
  "reliability": {
    "expected_events": 34,
    "actual_events": 34,
    "missing_events": 0,
    "loss_rate": 0.0,
    "duplicates": 0
  },
  "events": {
    "event_count": 34,
    "mean_event_interval_ms": 8999.658424242423,
    "median_event_interval_ms": 8999.996,
    "max_event_interval_ms": 9000.586
  }
}