{
  "run_id": "W2_wifi_periodic_500ms_quiet_ctrl_v2_rep4",
  "power": {
    "power_sample_count": 3001,
    "mean_power_mW": 374.4713905538154,
    "median_power_mW": 337.099213,
    "std_power_mW": 106.06911202534899,
    "min_power_mW": 312.671753,
    "p95_power_mW": 703.511414,
    "max_power_mW": 796.335876,
    "samples_above_500mW": 299,
    "fraction_above_500mW": 0.09963345551482838,
    "mean_current_mA": 72.18926743952017,
    "median_current_mA": 64.78167,
    "max_current_mA": 159.65802,
    "mean_bus_v": 5.188015661446184,
    "min_bus_v": 4.93375,
    "max_bus_v": 5.2475
  },
  "energy_mJ": 112301.85060253448,
  "latency": {
    "available": false,
    "source": null,
    "kind": null,
    "sample_count": 0,
    "reason": "No recognized latency column with valid numeric samples."
  },
  "timing": {
    "mean_interval_ms": 499.9811283333334,
    "median_interval_ms": 499.999,
    "std_interval_ms": 0.49366168066347005,
    "jitter_ms": 0.49366168066347005,
    "max_interval_ms": 500.684,
    "min_interval_ms": 488.718
  },
  "reliability": {
    "expected_events": 601,
    "actual_events": 601,
    "missing_events": 0,
    "loss_rate": 0.0,
    "duplicates": 0
  },
  "events": {
    "event_count": 601,
    "mean_event_interval_ms": 499.9811283333334,
    "median_event_interval_ms": 499.999,
    "max_event_interval_ms": 500.684
  }
}