{
  "run_id": "W2_wifi_periodic_2s_quiet_ctrl_v2_rep4",
  "power": {
    "power_sample_count": 3001,
    "mean_power_mW": 375.2430414595135,
    "median_power_mW": 337.099213,
    "std_power_mW": 109.55649982231863,
    "min_power_mW": 307.786255,
    "p95_power_mW": 701.068726,
    "max_power_mW": 779.236633,
    "samples_above_500mW": 327,
    "fraction_above_500mW": 0.10896367877374209,
    "mean_current_mA": 72.96987234821727,
    "median_current_mA": 64.879387,
    "max_current_mA": 156.628998,
    "mean_bus_v": 5.172914445184938,
    "min_bus_v": 4.925,
    "max_bus_v": 5.24
  },
  "energy_mJ": 112536.38608512032,
  "latency": {
    "available": false,
    "source": null,
    "kind": null,
    "sample_count": 0,
    "reason": "No recognized latency column with valid numeric samples."
  },
  "timing": {
    "mean_interval_ms": 1999.9241533333327,
    "median_interval_ms": 2000.0,
    "std_interval_ms": 0.9385469473096404,
    "jitter_ms": 0.9385469473096404,
    "max_interval_ms": 2000.43,
    "min_interval_ms": 1988.633
  },
  "reliability": {
    "expected_events": 151,
    "actual_events": 151,
    "missing_events": 0,
    "loss_rate": 0.0,
    "duplicates": 0
  },
  "events": {
    "event_count": 151,
    "mean_event_interval_ms": 1999.9241533333327,
    "median_event_interval_ms": 2000.0,
    "max_event_interval_ms": 2000.43
  }
}