{
  "run_id": "W2_wifi_periodic_9s_quiet_telemetry_v2_rep12",
  "power": {
    "power_sample_count": 9201,
    "mean_power_mW": 379.50336915324425,
    "median_power_mW": 339.541962,
    "std_power_mW": 113.22820970082955,
    "min_power_mW": 307.786255,
    "p95_power_mW": 708.396912,
    "max_power_mW": 979.541931,
    "samples_above_500mW": 1023,
    "fraction_above_500mW": 0.11118356700358657,
    "mean_current_mA": 73.9144579206608,
    "median_current_mA": 65.367935,
    "max_current_mA": 201.184723,
    "mean_bus_v": 5.168728670796653,
    "min_bus_v": 4.83125,
    "max_bus_v": 5.24875
  },
  "energy_mJ": 349108.9131553706,
  "latency": {
    "available": false,
    "source": null,
    "kind": null,
    "sample_count": 0,
    "reason": "No recognized latency column with valid numeric samples."
  },
  "timing": {
    "mean_interval_ms": 8999.89017647059,
    "median_interval_ms": 9000.0015,
    "std_interval_ms": 1.1021984818090294,
    "jitter_ms": 1.1021984818090294,
    "max_interval_ms": 9000.455,
    "min_interval_ms": 8989.057
  },
  "reliability": {
    "expected_events": 103,
    "actual_events": 103,
    "missing_events": 0,
    "loss_rate": 0.0,
    "duplicates": 0
  },
  "events": {
    "event_count": 103,
    "mean_event_interval_ms": 8999.89017647059,
    "median_event_interval_ms": 9000.0015,
    "max_event_interval_ms": 9000.455
  }
}