{
  "run_id": "W2_wifi_periodic_5s_quiet_ctrl_v2",
  "power": {
    "power_sample_count": 4202,
    "mean_power_mW": 368.78168134348965,
    "median_power_mW": 332.213715,
    "std_power_mW": 111.59157038661519,
    "min_power_mW": 236.946564,
    "p95_power_mW": 715.725159,
    "max_power_mW": 869.618286,
    "samples_above_500mW": 411,
    "fraction_above_500mW": 0.09781056639695383,
    "mean_current_mA": 73.71693502594621,
    "median_current_mA": 65.954193,
    "max_current_mA": 179.786255,
    "mean_bus_v": 5.031635027374434,
    "min_bus_v": 4.82375,
    "max_bus_v": 5.08375
  },
  "energy_mJ": 154902.3195850122,
  "latency": {
    "available": false,
    "source": null,
    "kind": null,
    "sample_count": 0,
    "reason": "No recognized latency column with valid numeric samples."
  },
  "timing": {
    "mean_interval_ms": 4999.999542168675,
    "median_interval_ms": 5000.0,
    "std_interval_ms": 0.04058904730454345,
    "jitter_ms": 0.04058904730454345,
    "max_interval_ms": 5000.094,
    "min_interval_ms": 4999.912
  },
  "reliability": {
    "expected_events": 84,
    "actual_events": 84,
    "missing_events": 0,
    "loss_rate": 0.0,
    "duplicates": 0
  },
  "events": {
    "event_count": 84,
    "mean_event_interval_ms": 4999.999542168675,
    "median_event_interval_ms": 5000.0,
    "max_event_interval_ms": 5000.094
  }
}