{
  "run_id": "R618",
  "baseline_run_id": "R600",
  "w3_context": {
    "comparison_group": "W3_wifi_auto",
    "load_level": "moderate",
    "interference": "iperf",
    "iperf_profile": "20Mbps_tcp",
    "interval_nominal_ms": 3000.0,
    "interval_jitter_ms": 250.0
  },
  "w3": {
    "mean_latency_ms": 40.790169999999996,
    "std_latency_ms": 178.9535060232722,
    "p95_latency_ms": 26.130249999999997,
    "temporal_std_ms": 80.62813479250211,
    "drop_rate": 0.0,
    "reliability_rate": 1.0
  },
  "baseline": {
    "mean_latency_ms": 29.000539999999997,
    "std_latency_ms": 144.0940816996908,
    "p95_latency_ms": 20.03415,
    "temporal_std_ms": 45.4964039454695,
    "drop_rate": 0.0,
    "reliability_rate": 1.0
  },
  "w3_delta": {
    "delta_mean_latency_ms": 11.789629999999999,
    "delta_std_latency_ms": 34.85942432358141,
    "delta_p95_latency_ms": 6.096099999999996,
    "delta_temporal_std_ms": 35.13173084703261,
    "delta_drop_rate": 0.0,
    "delta_reliability_rate": 0.0,
    "pct_mean_latency_increase": 40.65313956222884,
    "pct_p95_latency_increase": 30.42854326237947
  },
  "impact_label": "high"
}