{
  "run_id": "W3_wifi_auto_moderate",
  "boot_selection": {
    "original_rows": 204,
    "selected_rows": 200,
    "selected_boot_id": 346572485,
    "boot_candidates": [
      {
        "boot_id": 346572485,
        "count": 100,
        "min": 1,
        "max": 100
      },
      {
        "boot_id": 1480699346,
        "count": 2,
        "min": 45,
        "max": 46
      }
    ]
  },
  "latency": {
    "available": true,
    "source": "rtt_us",
    "mean_latency_ms": 40.790169999999996,
    "std_latency_ms": 178.9535060232722,
    "p95_latency_ms": 26.130249999999997,
    "p99_latency_ms": 1263.4418900000003,
    "max_latency_ms": 1310.258,
    "temporal_std_ms": 80.62813479250211,
    "outlier_rate": 0.02,
    "sample_count": 100,
    "median_latency_ms": 13.9865,
    "mad_latency_ms": 1.9639999999999995,
    "p99_threshold_ms": 1263.4418900000003,
    "extreme_count": 1,
    "extreme_max_ms": 1310.258
  },
  "reliability": {
    "loss_rate": 0.0,
    "actual_events": 100,
    "expected_events": 100,
    "missing_events": 0,
    "duplicates": 0
  },
  "timing": {
    "mean_interval_ms": 2978.3635656565652,
    "std_interval_ms": 140.64017677175698,
    "jitter_ms": 140.64017677175698
  },
  "data_quality": {
    "total_rows": 200,
    "unique_payload_rows": 200,
    "duplicate_payload_rows": 0,
    "event_duplicate_payload_rows": 0,
    "rtt_duplicate_payload_rows": 0
  }
}