{
  "run_id": "R605",
  "baseline_run_id": "R600",
  "w3_context": {
    "comparison_group": "W3_wifi_auto",
    "load_level": "light",
    "interference": "iperf",
    "iperf_profile": "5Mbps_tcp",
    "interval_nominal_ms": 3000.0,
    "interval_jitter_ms": 250.0
  },
  "w3": {
    "mean_latency_ms": 14.363330000000001,
    "std_latency_ms": 3.2087490247978905,
    "p95_latency_ms": 21.070149999999995,
    "temporal_std_ms": 0.5427841233451429,
    "drop_rate": 0.0,
    "reliability_rate": 1.0
  },
  "baseline": {
    "mean_latency_ms": 29.000539999999997,
    "std_latency_ms": 144.0940816996908,
    "p95_latency_ms": 20.03415,
    "temporal_std_ms": 45.4964039454695,
    "drop_rate": 0.0,
    "reliability_rate": 1.0
  },
  "w3_delta": {
    "delta_mean_latency_ms": -14.637209999999996,
    "delta_std_latency_ms": -140.8853326748929,
    "delta_p95_latency_ms": 1.0359999999999943,
    "delta_temporal_std_ms": -44.95361982212436,
    "delta_drop_rate": 0.0,
    "delta_reliability_rate": 0.0,
    "pct_mean_latency_increase": -50.47219810389737,
    "pct_p95_latency_increase": 5.171170226837646
  },
  "impact_label": "negligible"
}