{
  "run_id": "W2_wifi_periodic_5s_quiet_telemetry_v2_rep9",
  "power": {
    "power_sample_count": 3001,
    "mean_power_mW": 374.3232457014329,
    "median_power_mW": 339.541962,
    "std_power_mW": 107.11888280241611,
    "min_power_mW": 312.671753,
    "p95_power_mW": 703.511414,
    "max_power_mW": 789.007629,
    "samples_above_500mW": 298,
    "fraction_above_500mW": 0.09930023325558147,
    "mean_current_mA": 72.67195531356214,
    "median_current_mA": 65.172516,
    "max_current_mA": 158.583191,
    "mean_bus_v": 5.175606047984006,
    "min_bus_v": 4.95125,
    "max_bus_v": 5.24375
  },
  "energy_mJ": 112265.89138520254,
  "latency": {
    "available": false,
    "source": null,
    "kind": null,
    "sample_count": 0,
    "reason": "No recognized latency column with valid numeric samples."
  },
  "timing": {
    "mean_interval_ms": 4999.808033333333,
    "median_interval_ms": 4999.994000000001,
    "std_interval_ms": 1.5020071200565557,
    "jitter_ms": 1.5020071200565557,
    "max_interval_ms": 5000.44,
    "min_interval_ms": 4988.446
  },
  "reliability": {
    "expected_events": 61,
    "actual_events": 61,
    "missing_events": 0,
    "loss_rate": 0.0,
    "duplicates": 0
  },
  "events": {
    "event_count": 61,
    "mean_event_interval_ms": 4999.808033333333,
    "median_event_interval_ms": 4999.994000000001,
    "max_event_interval_ms": 5000.44
  }
}