{
  "run_id": "W2_wifi_periodic_3s_quiet_ctrl_v2_rep3",
  "power": {
    "power_sample_count": 3001,
    "mean_power_mW": 373.79171840419855,
    "median_power_mW": 337.099213,
    "std_power_mW": 107.50691087732314,
    "min_power_mW": 307.786255,
    "p95_power_mW": 701.068726,
    "max_power_mW": 803.664063,
    "samples_above_500mW": 313,
    "fraction_above_500mW": 0.10429856714428523,
    "mean_current_mA": 72.53947300399867,
    "median_current_mA": 64.879387,
    "max_current_mA": 161.905334,
    "mean_bus_v": 5.174408947017661,
    "min_bus_v": 4.9275,
    "max_bus_v": 5.245
  },
  "energy_mJ": 112101.10242283897,
  "latency": {
    "available": false,
    "source": null,
    "kind": null,
    "sample_count": 0,
    "reason": "No recognized latency column with valid numeric samples."
  },
  "timing": {
    "mean_interval_ms": 2999.8860999999997,
    "median_interval_ms": 3000.0015000000003,
    "std_interval_ms": 1.1430335546565045,
    "jitter_ms": 1.1430335546565045,
    "max_interval_ms": 3000.43,
    "min_interval_ms": 2988.688
  },
  "reliability": {
    "expected_events": 101,
    "actual_events": 101,
    "missing_events": 0,
    "loss_rate": 0.0,
    "duplicates": 0
  },
  "events": {
    "event_count": 101,
    "mean_event_interval_ms": 2999.8860999999997,
    "median_event_interval_ms": 3000.0015000000003,
    "max_event_interval_ms": 3000.43
  }
}