{
  "run_id": "W2_wifi_periodic_4s_quiet_ctrl_v2_rep5",
  "power": {
    "power_sample_count": 3001,
    "mean_power_mW": 370.3087066304566,
    "median_power_mW": 339.541962,
    "std_power_mW": 101.92458468339818,
    "min_power_mW": 307.786255,
    "p95_power_mW": 696.183228,
    "max_power_mW": 835.419861,
    "samples_above_500mW": 280,
    "fraction_above_500mW": 0.09330223258913696,
    "mean_current_mA": 71.92404050249918,
    "median_current_mA": 65.074806,
    "max_current_mA": 169.62442,
    "mean_bus_v": 5.1761162945684775,
    "min_bus_v": 4.9275,
    "max_bus_v": 5.245
  },
  "energy_mJ": 111060.9441831029,
  "latency": {
    "available": false,
    "source": null,
    "kind": null,
    "sample_count": 0,
    "reason": "No recognized latency column with valid numeric samples."
  },
  "timing": {
    "mean_interval_ms": 3999.850786666667,
    "median_interval_ms": 4000.0,
    "std_interval_ms": 1.3095609981699765,
    "jitter_ms": 1.3095609981699765,
    "max_interval_ms": 4000.476,
    "min_interval_ms": 3988.781
  },
  "reliability": {
    "expected_events": 76,
    "actual_events": 76,
    "missing_events": 0,
    "loss_rate": 0.0,
    "duplicates": 0
  },
  "events": {
    "event_count": 76,
    "mean_event_interval_ms": 3999.850786666667,
    "median_event_interval_ms": 4000.0,
    "max_event_interval_ms": 4000.476
  }
}