{
  "run_id": "W2_wifi_periodic_10s_quiet_telemetry_v2_rep5",
  "power": {
    "power_sample_count": 3001,
    "mean_power_mW": 375.5865396964345,
    "median_power_mW": 339.541962,
    "std_power_mW": 108.38382624872595,
    "min_power_mW": 312.671753,
    "p95_power_mW": 703.511414,
    "max_power_mW": 764.580139,
    "samples_above_500mW": 314,
    "fraction_above_500mW": 0.10463178940353215,
    "mean_current_mA": 72.73222319493502,
    "median_current_mA": 65.172516,
    "max_current_mA": 154.479385,
    "mean_bus_v": 5.18647575808064,
    "min_bus_v": 4.94875,
    "max_bus_v": 5.25125
  },
  "energy_mJ": 112640.43140993315,
  "latency": {
    "available": false,
    "source": null,
    "kind": null,
    "sample_count": 0,
    "reason": "No recognized latency column with valid numeric samples."
  },
  "timing": {
    "mean_interval_ms": 9999.615333333337,
    "median_interval_ms": 10000.005,
    "std_interval_ms": 2.1129762688312677,
    "jitter_ms": 2.1129762688312677,
    "max_interval_ms": 10000.456,
    "min_interval_ms": 9988.47
  },
  "reliability": {
    "expected_events": 31,
    "actual_events": 31,
    "missing_events": 0,
    "loss_rate": 0.0,
    "duplicates": 0
  },
  "events": {
    "event_count": 31,
    "mean_event_interval_ms": 9999.615333333337,
    "median_event_interval_ms": 10000.005,
    "max_event_interval_ms": 10000.456
  }
}