{
  "run_id": "W2_wifi_periodic_1s_quiet_telemetry_v2_rep5",
  "power": {
    "power_sample_count": 3001,
    "mean_power_mW": 381.30473534121955,
    "median_power_mW": 337.099213,
    "std_power_mW": 117.72273526408712,
    "min_power_mW": 312.671753,
    "p95_power_mW": 708.396912,
    "max_power_mW": 901.374023,
    "samples_above_500mW": 368,
    "fraction_above_500mW": 0.12262579140286571,
    "mean_current_mA": 74.07372391302899,
    "median_current_mA": 64.78167,
    "max_current_mA": 183.108383,
    "mean_bus_v": 5.185297400866378,
    "min_bus_v": 4.90875,
    "max_bus_v": 5.25125
  },
  "energy_mJ": 114360.1941049549,
  "latency": {
    "available": false,
    "source": null,
    "kind": null,
    "sample_count": 0,
    "reason": "No recognized latency column with valid numeric samples."
  },
  "timing": {
    "mean_interval_ms": 999.9606233333335,
    "median_interval_ms": 1000.0,
    "std_interval_ms": 0.6606263128321792,
    "jitter_ms": 0.6606263128321792,
    "max_interval_ms": 1000.7,
    "min_interval_ms": 988.681
  },
  "reliability": {
    "expected_events": 301,
    "actual_events": 301,
    "missing_events": 0,
    "loss_rate": 0.0,
    "duplicates": 0
  },
  "events": {
    "event_count": 301,
    "mean_event_interval_ms": 999.9606233333335,
    "median_event_interval_ms": 1000.0,
    "max_event_interval_ms": 1000.7
  }
}