{
  "run_id": "W2_wifi_periodic_2s_quiet_telemetry_v2_rep7",
  "power": {
    "power_sample_count": 3001,
    "mean_power_mW": 385.2167138023993,
    "median_power_mW": 339.541962,
    "std_power_mW": 118.85334193495143,
    "min_power_mW": 315.114502,
    "p95_power_mW": 713.28241,
    "max_power_mW": 771.908386,
    "samples_above_500mW": 381,
    "fraction_above_500mW": 0.12695768077307565,
    "mean_current_mA": 74.89157603532155,
    "median_current_mA": 65.563362,
    "max_current_mA": 155.945038,
    "mean_bus_v": 5.172773242252583,
    "min_bus_v": 4.95375,
    "max_bus_v": 5.24625
  },
  "energy_mJ": 115526.81228340755,
  "latency": {
    "available": false,
    "source": null,
    "kind": null,
    "sample_count": 0,
    "reason": "No recognized latency column with valid numeric samples."
  },
  "timing": {
    "mean_interval_ms": 1999.9253199999996,
    "median_interval_ms": 1999.9995,
    "std_interval_ms": 0.9322626608015756,
    "jitter_ms": 0.9322626608015756,
    "max_interval_ms": 2000.815,
    "min_interval_ms": 1988.721
  },
  "reliability": {
    "expected_events": 151,
    "actual_events": 151,
    "missing_events": 0,
    "loss_rate": 0.0,
    "duplicates": 0
  },
  "events": {
    "event_count": 151,
    "mean_event_interval_ms": 1999.9253199999996,
    "median_event_interval_ms": 1999.9995,
    "max_event_interval_ms": 2000.815
  }
}