{
  "run_id": "W2_wifi_periodic_4s_quiet_telemetry_v2_rep10",
  "power": {
    "power_sample_count": 3001,
    "mean_power_mW": 386.24314035921367,
    "median_power_mW": 339.541962,
    "std_power_mW": 121.25078204579512,
    "min_power_mW": 312.671753,
    "p95_power_mW": 713.28241,
    "max_power_mW": 784.122131,
    "samples_above_500mW": 395,
    "fraction_above_500mW": 0.1316227924025325,
    "mean_current_mA": 75.43218768977007,
    "median_current_mA": 65.270226,
    "max_current_mA": 158.583191,
    "mean_bus_v": 5.17313937020993,
    "min_bus_v": 4.9025,
    "max_bus_v": 5.2425
  },
  "energy_mJ": 115834.15883283189,
  "latency": {
    "available": false,
    "source": null,
    "kind": null,
    "sample_count": 0,
    "reason": "No recognized latency column with valid numeric samples."
  },
  "timing": {
    "mean_interval_ms": 3999.8503066666667,
    "median_interval_ms": 4000.006,
    "std_interval_ms": 1.3040888293958395,
    "jitter_ms": 1.3040888293958395,
    "max_interval_ms": 4000.445,
    "min_interval_ms": 3988.787
  },
  "reliability": {
    "expected_events": 76,
    "actual_events": 76,
    "missing_events": 0,
    "loss_rate": 0.0,
    "duplicates": 0
  },
  "events": {
    "event_count": 76,
    "mean_event_interval_ms": 3999.8503066666667,
    "median_event_interval_ms": 4000.006,
    "max_event_interval_ms": 4000.445
  }
}