{
  "run_id": "W2_wifi_idle_quiet_ctrl_v2",
  "power": {
    "power_sample_count": 3001,
    "mean_power_mW": 355.4528121492836,
    "median_power_mW": 324.885498,
    "std_power_mW": 101.84317770556747,
    "min_power_mW": 219.847321,
    "p95_power_mW": 683.969421,
    "max_power_mW": 779.236633,
    "samples_above_500mW": 264,
    "fraction_above_500mW": 0.08797067644118627,
    "mean_current_mA": 71.67965181906031,
    "median_current_mA": 64.586258,
    "max_current_mA": 162.003036,
    "mean_bus_v": 4.996219593468845,
    "min_bus_v": 4.78,
    "max_bus_v": 5.06375
  },
  "energy_mJ": 106650.07700978167,
  "timing": {},
  "reliability": {
    "expected_events": 0,
    "actual_events": 0,
    "missing_events": 0,
    "loss_rate": 0.0,
    "duplicates": 0
  },
  "events": {
    "event_count": 0
  }
}