{
  "run_id": "W2_wifi_periodic_4s_quiet_telemetry_v2_rep11",
  "power": {
    "power_sample_count": 3000,
    "mean_power_mW": 378.14959789400007,
    "median_power_mW": 339.541962,
    "std_power_mW": 110.6239301837915,
    "min_power_mW": 312.671753,
    "p95_power_mW": 708.396912,
    "max_power_mW": 764.580139,
    "samples_above_500mW": 321,
    "fraction_above_500mW": 0.107,
    "mean_current_mA": 73.41122098033333,
    "median_current_mA": 65.465645,
    "max_current_mA": 158.680908,
    "mean_bus_v": 5.176135833333333,
    "min_bus_v": 4.935,
    "max_bus_v": 5.245
  },
  "energy_mJ": 113369.0138868675,
  "latency": {
    "available": false,
    "source": null,
    "kind": null,
    "sample_count": 0,
    "reason": "No recognized latency column with valid numeric samples."
  },
  "timing": {
    "mean_interval_ms": 3999.851040540541,
    "median_interval_ms": 3999.995,
    "std_interval_ms": 1.3396593457732118,
    "jitter_ms": 1.3396593457732118,
    "max_interval_ms": 4000.447,
    "min_interval_ms": 3988.596
  },
  "reliability": {
    "expected_events": 75,
    "actual_events": 75,
    "missing_events": 0,
    "loss_rate": 0.0,
    "duplicates": 0
  },
  "events": {
    "event_count": 75,
    "mean_event_interval_ms": 3999.851040540541,
    "median_event_interval_ms": 3999.995,
    "max_event_interval_ms": 4000.447
  }
}