{
  "run_id": "W2_wifi_periodic_3s_quiet_telemetry_v2_rep2",
  "power": {
    "power_sample_count": 3000,
    "mean_power_mW": 383.38684969533335,
    "median_power_mW": 337.099213,
    "std_power_mW": 120.28884704154311,
    "min_power_mW": 312.671753,
    "p95_power_mW": 708.396912,
    "max_power_mW": 801.221375,
    "samples_above_500mW": 386,
    "fraction_above_500mW": 0.12866666666666668,
    "mean_current_mA": 74.60276132133333,
    "median_current_mA": 64.78167,
    "max_current_mA": 160.244278,
    "mean_bus_v": 5.172990833333333,
    "min_bus_v": 4.92875,
    "max_bus_v": 5.245
  },
  "energy_mJ": 114941.50042854778,
  "latency": {
    "available": false,
    "source": null,
    "kind": null,
    "sample_count": 0,
    "reason": "No recognized latency column with valid numeric samples."
  },
  "timing": {
    "mean_interval_ms": 2999.8876262626263,
    "median_interval_ms": 3000.005,
    "std_interval_ms": 1.1345844927284996,
    "jitter_ms": 1.1345844927284996,
    "max_interval_ms": 3000.562,
    "min_interval_ms": 2988.868
  },
  "reliability": {
    "expected_events": 100,
    "actual_events": 100,
    "missing_events": 0,
    "loss_rate": 0.0,
    "duplicates": 0
  },
  "events": {
    "event_count": 100,
    "mean_event_interval_ms": 2999.8876262626263,
    "median_event_interval_ms": 3000.005,
    "max_event_interval_ms": 3000.562
  }
}