{
  "run_id": "R615",
  "baseline_run_id": "R600",
  "w3_context": {
    "comparison_group": "W3_wifi_auto",
    "load_level": "heavy",
    "interference": "iperf",
    "iperf_profile": "50Mbps_tcp",
    "interval_nominal_ms": 3000.0,
    "interval_jitter_ms": 250.0
  },
  "w3": {
    "mean_latency_ms": 16.72896,
    "std_latency_ms": 4.95552888638926,
    "p95_latency_ms": 23.9275,
    "temporal_std_ms": 1.9489306784319789,
    "drop_rate": 0.0,
    "reliability_rate": 1.0
  },
  "baseline": {
    "mean_latency_ms": 29.000539999999997,
    "std_latency_ms": 144.0940816996908,
    "p95_latency_ms": 20.03415,
    "temporal_std_ms": 45.4964039454695,
    "drop_rate": 0.0,
    "reliability_rate": 1.0
  },
  "w3_delta": {
    "delta_mean_latency_ms": -12.271579999999997,
    "delta_std_latency_ms": -139.13855281330154,
    "delta_p95_latency_ms": 3.893349999999998,
    "delta_temporal_std_ms": -43.547473267037525,
    "delta_drop_rate": 0.0,
    "delta_reliability_rate": 0.0,
    "pct_mean_latency_increase": -42.31500516886926,
    "pct_p95_latency_increase": 19.433567184033254
  },
  "impact_label": "negligible"
}