{
  "run_id": "W2_wifi_periodic_500ms_quiet_ctrl_v2_rep7",
  "power": {
    "power_sample_count": 3000,
    "mean_power_mW": 379.25534845966666,
    "median_power_mW": 339.541962,
    "std_power_mW": 114.49898815021349,
    "min_power_mW": 312.671753,
    "p95_power_mW": 708.396912,
    "max_power_mW": 764.580139,
    "samples_above_500mW": 344,
    "fraction_above_500mW": 0.11466666666666667,
    "mean_current_mA": 73.82424039499999,
    "median_current_mA": 65.074806,
    "max_current_mA": 157.703796,
    "mean_bus_v": 5.17537,
    "min_bus_v": 4.93375,
    "max_bus_v": 5.2425
  },
  "energy_mJ": 113704.93636611715,
  "latency": {
    "available": false,
    "source": null,
    "kind": null,
    "sample_count": 0,
    "reason": "No recognized latency column with valid numeric samples."
  },
  "timing": {
    "mean_interval_ms": 499.9816444073456,
    "median_interval_ms": 500.001,
    "std_interval_ms": 0.5028858844780785,
    "jitter_ms": 0.5028858844780785,
    "max_interval_ms": 500.903,
    "min_interval_ms": 488.568
  },
  "reliability": {
    "expected_events": 600,
    "actual_events": 600,
    "missing_events": 0,
    "loss_rate": 0.0,
    "duplicates": 0
  },
  "events": {
    "event_count": 600,
    "mean_event_interval_ms": 499.9816444073456,
    "median_event_interval_ms": 500.001,
    "max_event_interval_ms": 500.903
  }
}