{
  "run_id": "W2_wifi_periodic_8s_quiet_ctrl_v2",
  "power": {
    "power_sample_count": 4801,
    "mean_power_mW": 360.9217448491981,
    "median_power_mW": 327.328247,
    "std_power_mW": 103.11102744882794,
    "min_power_mW": 224.732819,
    "p95_power_mW": 696.183228,
    "max_power_mW": 825.648865,
    "samples_above_500mW": 406,
    "fraction_above_500mW": 0.08456571547594251,
    "mean_current_mA": 72.39024847240158,
    "median_current_mA": 65.563362,
    "max_current_mA": 160.34198,
    "mean_bus_v": 5.019970058321182,
    "min_bus_v": 4.835,
    "max_bus_v": 5.08
  },
  "energy_mJ": 173257.3010662722,
  "latency": {
    "available": false,
    "source": null,
    "kind": null,
    "sample_count": 0,
    "reason": "No recognized latency column with valid numeric samples."
  },
  "timing": {
    "mean_interval_ms": 8000.007220338984,
    "median_interval_ms": 8000.008,
    "std_interval_ms": 0.08265801331631221,
    "jitter_ms": 0.08265801331631221,
    "max_interval_ms": 8000.402,
    "min_interval_ms": 7999.814
  },
  "reliability": {
    "expected_events": 60,
    "actual_events": 60,
    "missing_events": 0,
    "loss_rate": 0.0,
    "duplicates": 0
  },
  "events": {
    "event_count": 60,
    "mean_event_interval_ms": 8000.007220338984,
    "median_event_interval_ms": 8000.008,
    "max_event_interval_ms": 8000.402
  }
}