{
  "run_id": "W2_wifi_periodic_6s_quiet_ctrl_v2_rep2",
  "power": {
    "power_sample_count": 3001,
    "mean_power_mW": 374.4315049920027,
    "median_power_mW": 337.099213,
    "std_power_mW": 107.97409717004076,
    "min_power_mW": 307.786255,
    "p95_power_mW": 703.511414,
    "max_power_mW": 789.007629,
    "samples_above_500mW": 314,
    "fraction_above_500mW": 0.10463178940353215,
    "mean_current_mA": 72.53709612629123,
    "median_current_mA": 64.78167,
    "max_current_mA": 158.680908,
    "mean_bus_v": 5.181388703765411,
    "min_bus_v": 4.96,
    "max_bus_v": 5.25
  },
  "energy_mJ": 112290.04112099865,
  "latency": {
    "available": false,
    "source": null,
    "kind": null,
    "sample_count": 0,
    "reason": "No recognized latency column with valid numeric samples."
  },
  "timing": {
    "mean_interval_ms": 5999.77492,
    "median_interval_ms": 5999.9974999999995,
    "std_interval_ms": 1.6178724734689085,
    "jitter_ms": 1.6178724734689085,
    "max_interval_ms": 6000.46,
    "min_interval_ms": 5988.663
  },
  "reliability": {
    "expected_events": 51,
    "actual_events": 51,
    "missing_events": 0,
    "loss_rate": 0.0,
    "duplicates": 0
  },
  "events": {
    "event_count": 51,
    "mean_event_interval_ms": 5999.77492,
    "median_event_interval_ms": 5999.9974999999995,
    "max_event_interval_ms": 6000.46
  }
}