{
  "run_id": "W2_wifi_periodic_10s_quiet_ctrl_v2_rep7",
  "power": {
    "power_sample_count": 3001,
    "mean_power_mW": 370.69534549750085,
    "median_power_mW": 339.541962,
    "std_power_mW": 103.25836007174641,
    "min_power_mW": 312.671753,
    "p95_power_mW": 703.511414,
    "max_power_mW": 784.122131,
    "samples_above_500mW": 278,
    "fraction_above_500mW": 0.09263578807064311,
    "mean_current_mA": 71.94761267010996,
    "median_current_mA": 65.074806,
    "max_current_mA": 158.876328,
    "mean_bus_v": 5.176739836721092,
    "min_bus_v": 4.91625,
    "max_bus_v": 5.2425
  },
  "energy_mJ": 111171.44543140088,
  "latency": {
    "available": false,
    "source": null,
    "kind": null,
    "sample_count": 0,
    "reason": "No recognized latency column with valid numeric samples."
  },
  "timing": {
    "mean_interval_ms": 9999.998931034483,
    "median_interval_ms": 9999.993,
    "std_interval_ms": 0.04000975866187411,
    "jitter_ms": 0.04000975866187411,
    "max_interval_ms": 10000.079,
    "min_interval_ms": 9999.927
  },
  "reliability": {
    "expected_events": 30,
    "actual_events": 30,
    "missing_events": 0,
    "loss_rate": 0.0,
    "duplicates": 0
  },
  "events": {
    "event_count": 30,
    "mean_event_interval_ms": 9999.998931034483,
    "median_event_interval_ms": 9999.993,
    "max_event_interval_ms": 10000.079
  }
}