{
  "run_id": "W2_wifi_periodic_8s_quiet_telemetry_v2_rep12",
  "power": {
    "power_sample_count": 8201,
    "mean_power_mW": 378.8642218483113,
    "median_power_mW": 339.541962,
    "std_power_mW": 114.52894928044452,
    "min_power_mW": 305.343506,
    "p95_power_mW": 703.511414,
    "max_power_mW": 845.190796,
    "samples_above_500mW": 938,
    "fraction_above_500mW": 0.11437629557371053,
    "mean_current_mA": 73.79223169320815,
    "median_current_mA": 65.172516,
    "max_current_mA": 167.37709,
    "mean_bus_v": 5.162013778807462,
    "min_bus_v": 4.86375,
    "max_bus_v": 5.245
  },
  "energy_mJ": 310635.16212598386,
  "latency": {
    "available": false,
    "source": null,
    "kind": null,
    "sample_count": 0,
    "reason": "No recognized latency column with valid numeric samples."
  },
  "timing": {
    "mean_interval_ms": 7999.889637254903,
    "median_interval_ms": 7999.998,
    "std_interval_ms": 1.1378597922051659,
    "jitter_ms": 1.1378597922051659,
    "max_interval_ms": 8000.478,
    "min_interval_ms": 7988.709
  },
  "reliability": {
    "expected_events": 103,
    "actual_events": 103,
    "missing_events": 0,
    "loss_rate": 0.0,
    "duplicates": 0
  },
  "events": {
    "event_count": 103,
    "mean_event_interval_ms": 7999.889637254903,
    "median_event_interval_ms": 7999.998,
    "max_event_interval_ms": 8000.478
  }
}