{
  "run_id": "W2_wifi_periodic_500ms_quiet_ctrl_v2",
  "power": {
    "power_sample_count": 3001,
    "mean_power_mW": 363.0032629960013,
    "median_power_mW": 332.213715,
    "std_power_mW": 105.78875643586265,
    "min_power_mW": 232.061066,
    "p95_power_mW": 701.068726,
    "max_power_mW": 796.335876,
    "samples_above_500mW": 273,
    "fraction_above_500mW": 0.09096967677440854,
    "mean_current_mA": 72.59729760013329,
    "median_current_mA": 65.563362,
    "max_current_mA": 163.957245,
    "mean_bus_v": 5.035309480173275,
    "min_bus_v": 4.8575,
    "max_bus_v": 5.0875,
    "duration_s_from_t_local": 299.999155,
    "mean_sample_interval_ms": 99.99971833333333,
    "median_sample_interval_ms": 99.997,
    "max_sample_interval_ms": 100.969,
    "energy_mJ": 108914.77659577905,
    "unique_last_event_seq_count": 601,
    "mean_dt_since_event_ms": 287.4276223333334,
    "median_dt_since_event_ms": 287.404,
    "max_dt_since_event_ms": 487.881
  },
  "events": {
    "event_count": 601,
    "first_event_seq": 1,
    "last_event_seq": 601,
    "unique_event_seq_count": 601,
    "duration_s_from_events": 299.999105,
    "mean_event_interval_ms": 499.99850833333335,
    "median_event_interval_ms": 499.998,
    "max_event_interval_ms": 500.485,
    "trigger_counts": {
      "periodic": 601
    }
  }
}