{
  "run_id": "W2_wifi_periodic_10s_quiet_ctrl_v2",
  "power": {
    "power_sample_count": 6002,
    "mean_power_mW": 370.35046902916173,
    "median_power_mW": 332.213715,
    "std_power_mW": 112.71619422533837,
    "min_power_mW": 236.946564,
    "p95_power_mW": 720.610657,
    "max_power_mW": 840.305298,
    "samples_above_500mW": 597,
    "fraction_above_500mW": 0.09946684438520494,
    "mean_current_mA": 73.75587954440927,
    "median_current_mA": 65.954193,
    "max_current_mA": 172.653427,
    "mean_bus_v": 5.027892577474176,
    "min_bus_v": 4.8425,
    "max_bus_v": 5.07875
  },
  "energy_mJ": 218792.74943979684,
  "latency": {
    "available": false,
    "source": null,
    "kind": null,
    "sample_count": 0,
    "reason": "No recognized latency column with valid numeric samples."
  },
  "timing": {
    "mean_interval_ms": 10000.000915254237,
    "median_interval_ms": 9999.997,
    "std_interval_ms": 0.03498437490417947,
    "jitter_ms": 0.03498437490417947,
    "max_interval_ms": 10000.087,
    "min_interval_ms": 9999.924
  },
  "reliability": {
    "expected_events": 60,
    "actual_events": 60,
    "missing_events": 0,
    "loss_rate": 0.0,
    "duplicates": 0
  },
  "events": {
    "event_count": 60,
    "mean_event_interval_ms": 10000.000915254237,
    "median_event_interval_ms": 9999.997,
    "max_event_interval_ms": 10000.087
  }
}