{
  "run_id": "W2_wifi_periodic_1s_quiet_telemetry_v2_rep4",
  "power": {
    "power_sample_count": 3000,
    "mean_power_mW": 374.04415254966665,
    "median_power_mW": 339.541962,
    "std_power_mW": 106.98700136085353,
    "min_power_mW": 312.671753,
    "p95_power_mW": 703.511414,
    "max_power_mW": 789.007629,
    "samples_above_500mW": 301,
    "fraction_above_500mW": 0.10033333333333333,
    "mean_current_mA": 72.40933660666666,
    "median_current_mA": 65.172516,
    "max_current_mA": 157.019836,
    "mean_bus_v": 5.192114166666667,
    "min_bus_v": 4.9775,
    "max_bus_v": 5.25625
  },
  "energy_mJ": 112136.05080479647,
  "latency": {
    "available": false,
    "source": null,
    "kind": null,
    "sample_count": 0,
    "reason": "No recognized latency column with valid numeric samples."
  },
  "timing": {
    "mean_interval_ms": 999.9632240802677,
    "median_interval_ms": 1000.0,
    "std_interval_ms": 0.6536557854567973,
    "jitter_ms": 0.6536557854567973,
    "max_interval_ms": 1000.935,
    "min_interval_ms": 988.969
  },
  "reliability": {
    "expected_events": 300,
    "actual_events": 300,
    "missing_events": 0,
    "loss_rate": 0.0,
    "duplicates": 0
  },
  "events": {
    "event_count": 300,
    "mean_event_interval_ms": 999.9632240802677,
    "median_event_interval_ms": 1000.0,
    "max_event_interval_ms": 1000.935
  }
}