{
  "run_id": "R609",
  "baseline_run_id": "R600",
  "w3_context": {
    "comparison_group": "W3_wifi_auto",
    "load_level": "light",
    "interference": "iperf",
    "iperf_profile": "5Mbps_tcp",
    "interval_nominal_ms": 3000.0,
    "interval_jitter_ms": 250.0
  },
  "w3": {
    "mean_latency_ms": 14.87718,
    "std_latency_ms": 3.636183948131127,
    "p95_latency_ms": 23.168049999999997,
    "temporal_std_ms": 1.5634460021944405,
    "drop_rate": 0.0,
    "reliability_rate": 1.0
  },
  "baseline": {
    "mean_latency_ms": 29.000539999999997,
    "std_latency_ms": 144.0940816996908,
    "p95_latency_ms": 20.03415,
    "temporal_std_ms": 45.4964039454695,
    "drop_rate": 0.0,
    "reliability_rate": 1.0
  },
  "w3_delta": {
    "delta_mean_latency_ms": -14.123359999999998,
    "delta_std_latency_ms": -140.45789775155967,
    "delta_p95_latency_ms": 3.133899999999997,
    "delta_temporal_std_ms": -43.93295794327506,
    "delta_drop_rate": 0.0,
    "delta_reliability_rate": 0.0,
    "pct_mean_latency_increase": -48.70033454549467,
    "pct_p95_latency_increase": 15.64278993618395
  },
  "impact_label": "negligible"
}