{
  "run_id": "W2_wifi_periodic_10s_quiet_telemetry_v2_rep8",
  "power": {
    "power_sample_count": 3000,
    "mean_power_mW": 373.5385037016667,
    "median_power_mW": 339.541962,
    "std_power_mW": 106.28455282919276,
    "min_power_mW": 315.114502,
    "p95_power_mW": 703.511414,
    "max_power_mW": 779.236633,
    "samples_above_500mW": 294,
    "fraction_above_500mW": 0.098,
    "mean_current_mA": 72.63393716933334,
    "median_current_mA": 65.270226,
    "max_current_mA": 158.29007,
    "mean_bus_v": 5.17649,
    "min_bus_v": 4.92625,
    "max_bus_v": 5.2425
  },
  "energy_mJ": 111991.9252181743,
  "latency": {
    "available": false,
    "source": null,
    "kind": null,
    "sample_count": 0,
    "reason": "No recognized latency column with valid numeric samples."
  },
  "timing": {
    "mean_interval_ms": 9999.618103448276,
    "median_interval_ms": 10000.003,
    "std_interval_ms": 2.062945715386353,
    "jitter_ms": 2.062945715386353,
    "max_interval_ms": 10000.413,
    "min_interval_ms": 9988.909
  },
  "reliability": {
    "expected_events": 30,
    "actual_events": 30,
    "missing_events": 0,
    "loss_rate": 0.0,
    "duplicates": 0
  },
  "events": {
    "event_count": 30,
    "mean_event_interval_ms": 9999.618103448276,
    "median_event_interval_ms": 10000.003,
    "max_event_interval_ms": 10000.413
  }
}