{
  "run_id": "W2_wifi_periodic_9s_quiet_telemetry_v2_rep10",
  "power": {
    "power_sample_count": 3001,
    "mean_power_mW": 380.6535528047317,
    "median_power_mW": 339.541962,
    "std_power_mW": 114.66330971410719,
    "min_power_mW": 315.114502,
    "p95_power_mW": 713.28241,
    "max_power_mW": 784.122131,
    "samples_above_500mW": 335,
    "fraction_above_500mW": 0.11162945684771743,
    "mean_current_mA": 73.83314321959347,
    "median_current_mA": 65.465645,
    "max_current_mA": 156.531296,
    "mean_bus_v": 5.187807814061979,
    "min_bus_v": 4.9425,
    "max_bus_v": 5.22125
  },
  "energy_mJ": 114155.97891643379,
  "latency": {
    "available": false,
    "source": null,
    "kind": null,
    "sample_count": 0,
    "reason": "No recognized latency column with valid numeric samples."
  },
  "timing": {
    "mean_interval_ms": 8999.64527272727,
    "median_interval_ms": 9000.008,
    "std_interval_ms": 2.0001281407814813,
    "jitter_ms": 2.0001281407814813,
    "max_interval_ms": 9000.429,
    "min_interval_ms": 8988.541
  },
  "reliability": {
    "expected_events": 34,
    "actual_events": 34,
    "missing_events": 0,
    "loss_rate": 0.0,
    "duplicates": 0
  },
  "events": {
    "event_count": 34,
    "mean_event_interval_ms": 8999.64527272727,
    "median_event_interval_ms": 9000.008,
    "max_event_interval_ms": 9000.429
  }
}