{
  "run_id": "W2_wifi_periodic_7s_quiet_telemetry_v2_rep6",
  "power": {
    "power_sample_count": 3001,
    "mean_power_mW": 376.84088001099633,
    "median_power_mW": 337.099213,
    "std_power_mW": 111.56247894809377,
    "min_power_mW": 312.671753,
    "p95_power_mW": 703.511414,
    "max_power_mW": 791.450378,
    "samples_above_500mW": 333,
    "fraction_above_500mW": 0.11096301232922359,
    "mean_current_mA": 72.94913189703432,
    "median_current_mA": 64.78167,
    "max_current_mA": 158.485489,
    "mean_bus_v": 5.185952599133622,
    "min_bus_v": 4.94125,
    "max_bus_v": 5.24875
  },
  "energy_mJ": 113018.11479238633,
  "latency": {
    "available": false,
    "source": null,
    "kind": null,
    "sample_count": 0,
    "reason": "No recognized latency column with valid numeric samples."
  },
  "timing": {
    "mean_interval_ms": 6999.715785714285,
    "median_interval_ms": 6999.999,
    "std_interval_ms": 1.8531230532597376,
    "jitter_ms": 1.8531230532597376,
    "max_interval_ms": 7000.492,
    "min_interval_ms": 6988.04
  },
  "reliability": {
    "expected_events": 43,
    "actual_events": 43,
    "missing_events": 0,
    "loss_rate": 0.0,
    "duplicates": 0
  },
  "events": {
    "event_count": 43,
    "mean_event_interval_ms": 6999.715785714285,
    "median_event_interval_ms": 6999.999,
    "max_event_interval_ms": 7000.492
  }
}