{
  "run_id": "W3_wifi_auto_heavy",
  "boot_selection": {
    "original_rows": 204,
    "selected_rows": 200,
    "selected_boot_id": 1211311573,
    "boot_candidates": [
      {
        "boot_id": 956131880,
        "count": 2,
        "min": 12,
        "max": 13
      },
      {
        "boot_id": 1211311573,
        "count": 100,
        "min": 1,
        "max": 100
      }
    ]
  },
  "latency": {
    "available": true,
    "source": "rtt_us",
    "mean_latency_ms": 16.680390000000003,
    "std_latency_ms": 4.852540184305848,
    "p95_latency_ms": 23.93555,
    "p99_latency_ms": 32.259330000000006,
    "max_latency_ms": 32.985,
    "temporal_std_ms": 1.4431544088096284,
    "outlier_rate": 0.0,
    "sample_count": 100,
    "median_latency_ms": 15.974499999999999,
    "mad_latency_ms": 3.9849999999999985,
    "p99_threshold_ms": 32.259330000000006,
    "extreme_count": 1,
    "extreme_max_ms": 32.985
  },
  "reliability": {
    "loss_rate": 0.0,
    "actual_events": 100,
    "expected_events": 100,
    "missing_events": 0,
    "duplicates": 0
  },
  "timing": {
    "mean_interval_ms": 3025.0709090909086,
    "std_interval_ms": 153.3199431534374,
    "jitter_ms": 153.3199431534374
  },
  "data_quality": {
    "total_rows": 200,
    "unique_payload_rows": 200,
    "duplicate_payload_rows": 0,
    "event_duplicate_payload_rows": 0,
    "rtt_duplicate_payload_rows": 0
  }
}