{
  "run_id": "R619",
  "baseline_run_id": "R600",
  "w3_context": {
    "comparison_group": "W3_wifi_auto",
    "load_level": "heavy",
    "interference": "iperf",
    "iperf_profile": "50Mbps_tcp",
    "interval_nominal_ms": 3000.0,
    "interval_jitter_ms": 250.0
  },
  "w3": {
    "mean_latency_ms": 21.755370000000003,
    "std_latency_ms": 58.47217431966933,
    "p95_latency_ms": 24.174149999999997,
    "temporal_std_ms": 17.92381942370109,
    "drop_rate": 0.0,
    "reliability_rate": 1.0
  },
  "baseline": {
    "mean_latency_ms": 29.000539999999997,
    "std_latency_ms": 144.0940816996908,
    "p95_latency_ms": 20.03415,
    "temporal_std_ms": 45.4964039454695,
    "drop_rate": 0.0,
    "reliability_rate": 1.0
  },
  "w3_delta": {
    "delta_mean_latency_ms": -7.245169999999995,
    "delta_std_latency_ms": -85.62190738002147,
    "delta_p95_latency_ms": 4.139999999999997,
    "delta_temporal_std_ms": -27.572584521768412,
    "delta_drop_rate": 0.0,
    "delta_reliability_rate": 0.0,
    "pct_mean_latency_increase": -24.982879629137926,
    "pct_p95_latency_increase": 20.664714999138955
  },
  "impact_label": "negligible"
}