{
  "run_id": "W2_wifi_periodic_5s_quiet_telemetry_v2_rep4",
  "power": {
    "power_sample_count": 3000,
    "mean_power_mW": 375.896569729,
    "median_power_mW": 337.099213,
    "std_power_mW": 110.45532584646168,
    "min_power_mW": 312.671753,
    "p95_power_mW": 708.396912,
    "max_power_mW": 779.236633,
    "samples_above_500mW": 321,
    "fraction_above_500mW": 0.107,
    "mean_current_mA": 72.74617526666667,
    "median_current_mA": 64.78167,
    "max_current_mA": 155.651901,
    "mean_bus_v": 5.190494583333333,
    "min_bus_v": 4.97375,
    "max_bus_v": 5.2525
  },
  "energy_mJ": 112692.05264171473,
  "latency": {
    "available": false,
    "source": null,
    "kind": null,
    "sample_count": 0,
    "reason": "No recognized latency column with valid numeric samples."
  },
  "timing": {
    "mean_interval_ms": 4999.813084745763,
    "median_interval_ms": 4999.992,
    "std_interval_ms": 1.4545701022464792,
    "jitter_ms": 1.4545701022464792,
    "max_interval_ms": 5000.592,
    "min_interval_ms": 4988.926
  },
  "reliability": {
    "expected_events": 60,
    "actual_events": 60,
    "missing_events": 0,
    "loss_rate": 0.0,
    "duplicates": 0
  },
  "events": {
    "event_count": 60,
    "mean_event_interval_ms": 4999.813084745763,
    "median_event_interval_ms": 4999.992,
    "max_event_interval_ms": 5000.592
  }
}