{
  "run_id": "W2_wifi_periodic_2s_quiet_telemetry_v2_rep3",
  "power": {
    "power_sample_count": 3001,
    "mean_power_mW": 373.01681178040656,
    "median_power_mW": 337.099213,
    "std_power_mW": 105.09808200719978,
    "min_power_mW": 312.671753,
    "p95_power_mW": 701.068726,
    "max_power_mW": 771.908386,
    "samples_above_500mW": 298,
    "fraction_above_500mW": 0.09930023325558147,
    "mean_current_mA": 72.30227987637454,
    "median_current_mA": 64.977097,
    "max_current_mA": 156.922134,
    "mean_bus_v": 5.176695684771744,
    "min_bus_v": 4.9425,
    "max_bus_v": 5.2375
  },
  "energy_mJ": 111866.32762626077,
  "latency": {
    "available": false,
    "source": null,
    "kind": null,
    "sample_count": 0,
    "reason": "No recognized latency column with valid numeric samples."
  },
  "timing": {
    "mean_interval_ms": 1999.9236133333332,
    "median_interval_ms": 1999.9995,
    "std_interval_ms": 0.9745106828362502,
    "jitter_ms": 0.9745106828362502,
    "max_interval_ms": 2000.788,
    "min_interval_ms": 1988.203
  },
  "reliability": {
    "expected_events": 151,
    "actual_events": 151,
    "missing_events": 0,
    "loss_rate": 0.0,
    "duplicates": 0
  },
  "events": {
    "event_count": 151,
    "mean_event_interval_ms": 1999.9236133333332,
    "median_event_interval_ms": 1999.9995,
    "max_event_interval_ms": 2000.788
  }
}