{
  "run_id": "R613",
  "baseline_run_id": "R600",
  "w3_context": {
    "comparison_group": "W3_wifi_auto",
    "load_level": "light",
    "interference": "iperf",
    "iperf_profile": "5Mbps_tcp",
    "interval_nominal_ms": 3000.0,
    "interval_jitter_ms": 250.0
  },
  "w3": {
    "mean_latency_ms": 29.50151,
    "std_latency_ms": 136.58672933034717,
    "p95_latency_ms": 21.047799999999995,
    "temporal_std_ms": 42.9298413285483,
    "drop_rate": 0.0,
    "reliability_rate": 1.0
  },
  "baseline": {
    "mean_latency_ms": 29.000539999999997,
    "std_latency_ms": 144.0940816996908,
    "p95_latency_ms": 20.03415,
    "temporal_std_ms": 45.4964039454695,
    "drop_rate": 0.0,
    "reliability_rate": 1.0
  },
  "w3_delta": {
    "delta_mean_latency_ms": 0.5009700000000024,
    "delta_std_latency_ms": -7.507352369343636,
    "delta_p95_latency_ms": 1.0136499999999948,
    "delta_temporal_std_ms": -2.5665626169212032,
    "delta_drop_rate": 0.0,
    "delta_reliability_rate": 0.0,
    "pct_mean_latency_increase": 1.727450592299324,
    "pct_p95_latency_increase": 5.0596107147046165
  },
  "impact_label": "negligible"
}