{
  "run_id": "W3_wifi_auto_light",
  "boot_selection": {
    "original_rows": 204,
    "selected_rows": 200,
    "selected_boot_id": 1808720066,
    "boot_candidates": [
      {
        "boot_id": 1315871523,
        "count": 2,
        "min": 11,
        "max": 12
      },
      {
        "boot_id": 1808720066,
        "count": 100,
        "min": 1,
        "max": 100
      }
    ]
  },
  "latency": {
    "available": true,
    "source": "rtt_us",
    "mean_latency_ms": 29.50151,
    "std_latency_ms": 136.58672933034717,
    "p95_latency_ms": 21.047799999999995,
    "p99_latency_ms": 195.87333000000606,
    "max_latency_ms": 1370.937,
    "temporal_std_ms": 42.9298413285483,
    "outlier_rate": 0.02,
    "sample_count": 100,
    "median_latency_ms": 13.255500000000001,
    "mad_latency_ms": 1.286500000000001,
    "p99_threshold_ms": 195.87333000000606,
    "extreme_count": 1,
    "extreme_max_ms": 1370.937
  },
  "reliability": {
    "loss_rate": 0.0,
    "actual_events": 100,
    "expected_events": 100,
    "missing_events": 0,
    "duplicates": 0
  },
  "timing": {
    "mean_interval_ms": 2987.303414141414,
    "std_interval_ms": 147.55807100679075,
    "jitter_ms": 147.55807100679075
  },
  "data_quality": {
    "total_rows": 200,
    "unique_payload_rows": 200,
    "duplicate_payload_rows": 0,
    "event_duplicate_payload_rows": 0,
    "rtt_duplicate_payload_rows": 0
  }
}