{
  "run_id": "W2_wifi_periodic_4s_quiet_ctrl_v2_rep9",
  "power": {
    "power_sample_count": 3001,
    "mean_power_mW": 371.56792997767417,
    "median_power_mW": 339.541962,
    "std_power_mW": 104.09639646971519,
    "min_power_mW": 307.786255,
    "p95_power_mW": 703.511414,
    "max_power_mW": 752.366394,
    "samples_above_500mW": 283,
    "fraction_above_500mW": 0.0943018993668777,
    "mean_current_mA": 72.0614403218927,
    "median_current_mA": 65.172516,
    "max_current_mA": 155.651901,
    "mean_bus_v": 5.184870043318894,
    "min_bus_v": 4.9475,
    "max_bus_v": 5.2475
  },
  "energy_mJ": 111439.43571871439,
  "latency": {
    "available": false,
    "source": null,
    "kind": null,
    "sample_count": 0,
    "reason": "No recognized latency column with valid numeric samples."
  },
  "timing": {
    "mean_interval_ms": 3999.85136,
    "median_interval_ms": 3999.998,
    "std_interval_ms": 1.301700765215331,
    "jitter_ms": 1.301700765215331,
    "max_interval_ms": 4000.416,
    "min_interval_ms": 3988.819
  },
  "reliability": {
    "expected_events": 76,
    "actual_events": 76,
    "missing_events": 0,
    "loss_rate": 0.0,
    "duplicates": 0
  },
  "events": {
    "event_count": 76,
    "mean_event_interval_ms": 3999.85136,
    "median_event_interval_ms": 3999.998,
    "max_event_interval_ms": 4000.416
  }
}