{
  "run_id": "W2_wifi_periodic_1s_quiet_telemetry_v2_rep1",
  "power": {
    "power_sample_count": 3001,
    "mean_power_mW": 374.3533752052649,
    "median_power_mW": 327.328247,
    "std_power_mW": 122.42255950919247,
    "min_power_mW": 227.175568,
    "p95_power_mW": 715.725159,
    "max_power_mW": 796.335876,
    "samples_above_500mW": 366,
    "fraction_above_500mW": 0.12195934688437188,
    "mean_current_mA": 75.28892743318893,
    "median_current_mA": 65.465645,
    "max_current_mA": 164.64122,
    "mean_bus_v": 5.006148367210931,
    "min_bus_v": 4.82,
    "max_bus_v": 5.07625
  },
  "energy_mJ": 112321.73798567477,
  "latency": {
    "available": false,
    "source": null,
    "kind": null,
    "sample_count": 0,
    "reason": "No recognized latency column with valid numeric samples."
  },
  "timing": {
    "mean_interval_ms": 999.9987166666666,
    "median_interval_ms": 999.9985,
    "std_interval_ms": 0.12242809529385022,
    "jitter_ms": 0.12242809529385022,
    "max_interval_ms": 1000.841,
    "min_interval_ms": 999.457
  },
  "reliability": {
    "expected_events": 301,
    "actual_events": 301,
    "missing_events": 0,
    "loss_rate": 0.0,
    "duplicates": 0
  },
  "events": {
    "event_count": 301,
    "mean_event_interval_ms": 999.9987166666666,
    "median_event_interval_ms": 999.9985,
    "max_event_interval_ms": 1000.841
  }
}