{
  "run_id": "W2_wifi_periodic_9s_quiet_telemetry_v2_rep16",
  "power": {
    "power_sample_count": 9201,
    "mean_power_mW": 386.23771853983266,
    "median_power_mW": 339.541962,
    "std_power_mW": 120.1831247358879,
    "min_power_mW": 312.671753,
    "p95_power_mW": 713.28241,
    "max_power_mW": 784.122131,
    "samples_above_500mW": 1186,
    "fraction_above_500mW": 0.12889903271383546,
    "mean_current_mA": 75.1400426146071,
    "median_current_mA": 65.563362,
    "max_current_mA": 158.680908,
    "mean_bus_v": 5.16613683295294,
    "min_bus_v": 4.915,
    "max_bus_v": 5.2475
  },
  "energy_mJ": 355303.44737202534,
  "latency": {
    "available": false,
    "source": null,
    "kind": null,
    "sample_count": 0,
    "reason": "No recognized latency column with valid numeric samples."
  },
  "timing": {
    "mean_interval_ms": 8999.88887254902,
    "median_interval_ms": 8999.994,
    "std_interval_ms": 1.1386028147401681,
    "jitter_ms": 1.1386028147401681,
    "max_interval_ms": 9000.511,
    "min_interval_ms": 8988.639
  },
  "reliability": {
    "expected_events": 103,
    "actual_events": 103,
    "missing_events": 0,
    "loss_rate": 0.0,
    "duplicates": 0
  },
  "events": {
    "event_count": 103,
    "mean_event_interval_ms": 8999.88887254902,
    "median_event_interval_ms": 8999.994,
    "max_event_interval_ms": 9000.511
  }
}