{
  "run_id": "W2_wifi_periodic_500ms_quiet_telemetry_v2_rep2",
  "power": {
    "power_sample_count": 3001,
    "mean_power_mW": 374.3932483372209,
    "median_power_mW": 337.099213,
    "std_power_mW": 109.9467491816487,
    "min_power_mW": 305.343506,
    "p95_power_mW": 701.068726,
    "max_power_mW": 764.580139,
    "samples_above_500mW": 321,
    "fraction_above_500mW": 0.10696434521826058,
    "mean_current_mA": 72.3968961962679,
    "median_current_mA": 64.488548,
    "max_current_mA": 156.531296,
    "mean_bus_v": 5.197783655448184,
    "min_bus_v": 4.965,
    "max_bus_v": 5.2575
  },
  "energy_mJ": 112287.40492247473,
  "latency": {
    "available": false,
    "source": null,
    "kind": null,
    "sample_count": 0,
    "reason": "No recognized latency column with valid numeric samples."
  },
  "timing": {
    "mean_interval_ms": 499.98097500000006,
    "median_interval_ms": 499.997,
    "std_interval_ms": 0.4903128002733078,
    "jitter_ms": 0.4903128002733078,
    "max_interval_ms": 500.489,
    "min_interval_ms": 488.633
  },
  "reliability": {
    "expected_events": 601,
    "actual_events": 601,
    "missing_events": 0,
    "loss_rate": 0.0,
    "duplicates": 0
  },
  "events": {
    "event_count": 601,
    "mean_event_interval_ms": 499.98097500000006,
    "median_event_interval_ms": 499.997,
    "max_event_interval_ms": 500.489
  }
}