{
  "run_id": "W2_wifi_periodic_7s_quiet_telemetry_v2_rep15",
  "power": {
    "power_sample_count": 7200,
    "mean_power_mW": 372.4128722152779,
    "median_power_mW": 339.541962,
    "std_power_mW": 105.35298455623708,
    "min_power_mW": 305.343506,
    "p95_power_mW": 703.511414,
    "max_power_mW": 845.190796,
    "samples_above_500mW": 698,
    "fraction_above_500mW": 0.09694444444444444,
    "mean_current_mA": 72.34688036513889,
    "median_current_mA": 65.074806,
    "max_current_mA": 174.021362,
    "mean_bus_v": 5.173930729166667,
    "min_bus_v": 4.88375,
    "max_bus_v": 5.24
  },
  "energy_mJ": 268062.64250123606,
  "latency": {
    "available": false,
    "source": null,
    "kind": null,
    "sample_count": 0,
    "reason": "No recognized latency column with valid numeric samples."
  },
  "timing": {
    "mean_interval_ms": 6999.891931372551,
    "median_interval_ms": 7000.0025000000005,
    "std_interval_ms": 1.1031375528873302,
    "jitter_ms": 1.1031375528873302,
    "max_interval_ms": 7000.46,
    "min_interval_ms": 6988.954
  },
  "reliability": {
    "expected_events": 103,
    "actual_events": 103,
    "missing_events": 0,
    "loss_rate": 0.0,
    "duplicates": 0
  },
  "events": {
    "event_count": 103,
    "mean_event_interval_ms": 6999.891931372551,
    "median_event_interval_ms": 7000.0025000000005,
    "max_event_interval_ms": 7000.46
  }
}