{
  "run_id": "W2_wifi_periodic_7s_quiet_ctrl_v2_rep9",
  "power": {
    "power_sample_count": 3000,
    "mean_power_mW": 369.41514488066673,
    "median_power_mW": 337.099213,
    "std_power_mW": 101.64463975106759,
    "min_power_mW": 312.671753,
    "p95_power_mW": 696.183228,
    "max_power_mW": 989.312927,
    "samples_above_500mW": 268,
    "fraction_above_500mW": 0.08933333333333333,
    "mean_current_mA": 71.669574706,
    "median_current_mA": 64.879387,
    "max_current_mA": 204.018311,
    "mean_bus_v": 5.180686666666666,
    "min_bus_v": 4.8425,
    "max_bus_v": 5.24625
  },
  "energy_mJ": 110750.59322018245,
  "latency": {
    "available": false,
    "source": null,
    "kind": null,
    "sample_count": 0,
    "reason": "No recognized latency column with valid numeric samples."
  },
  "timing": {
    "mean_interval_ms": 6999.735738095237,
    "median_interval_ms": 7000.0125,
    "std_interval_ms": 1.742319998884694,
    "jitter_ms": 1.742319998884694,
    "max_interval_ms": 7000.465,
    "min_interval_ms": 6988.793
  },
  "reliability": {
    "expected_events": 43,
    "actual_events": 43,
    "missing_events": 0,
    "loss_rate": 0.0,
    "duplicates": 0
  },
  "events": {
    "event_count": 43,
    "mean_event_interval_ms": 6999.735738095237,
    "median_event_interval_ms": 7000.0125,
    "max_event_interval_ms": 7000.465
  }
}