{
  "run_id": "W2_wifi_periodic_500ms_quiet_ctrl_v2_rep8",
  "power": {
    "power_sample_count": 3001,
    "mean_power_mW": 373.4441492489171,
    "median_power_mW": 339.541962,
    "std_power_mW": 105.58836946222051,
    "min_power_mW": 307.786255,
    "p95_power_mW": 703.511414,
    "max_power_mW": 776.793884,
    "samples_above_500mW": 287,
    "fraction_above_500mW": 0.09563478840386538,
    "mean_current_mA": 72.45813979540152,
    "median_current_mA": 65.367935,
    "max_current_mA": 157.508392,
    "mean_bus_v": 5.175537320893035,
    "min_bus_v": 4.9475,
    "max_bus_v": 5.23875
  },
  "energy_mJ": 111994.12973400453,
  "latency": {
    "available": false,
    "source": null,
    "kind": null,
    "sample_count": 0,
    "reason": "No recognized latency column with valid numeric samples."
  },
  "timing": {
    "mean_interval_ms": 499.981305,
    "median_interval_ms": 499.999,
    "std_interval_ms": 0.4853921588655367,
    "jitter_ms": 0.4853921588655367,
    "max_interval_ms": 500.604,
    "min_interval_ms": 488.839
  },
  "reliability": {
    "expected_events": 601,
    "actual_events": 601,
    "missing_events": 0,
    "loss_rate": 0.0,
    "duplicates": 0
  },
  "events": {
    "event_count": 601,
    "mean_event_interval_ms": 499.981305,
    "median_event_interval_ms": 499.999,
    "max_event_interval_ms": 500.604
  }
}