{
  "run_id": "W2_wifi_periodic_1s_quiet_ctrl_v2_rep3",
  "power": {
    "power_sample_count": 3001,
    "mean_power_mW": 378.24173623525496,
    "median_power_mW": 337.099213,
    "std_power_mW": 113.94727146029152,
    "min_power_mW": 312.671753,
    "p95_power_mW": 708.396912,
    "max_power_mW": 771.908386,
    "samples_above_500mW": 348,
    "fraction_above_500mW": 0.11596134621792736,
    "mean_current_mA": 73.40883382872376,
    "median_current_mA": 64.586258,
    "max_current_mA": 156.531296,
    "mean_bus_v": 5.187701599466844,
    "min_bus_v": 4.93,
    "max_bus_v": 5.2475
  },
  "energy_mJ": 113439.06874078533,
  "latency": {
    "available": false,
    "source": null,
    "kind": null,
    "sample_count": 0,
    "reason": "No recognized latency column with valid numeric samples."
  },
  "timing": {
    "mean_interval_ms": 999.9620333333332,
    "median_interval_ms": 999.999,
    "std_interval_ms": 0.6674408662360765,
    "jitter_ms": 0.6674408662360765,
    "max_interval_ms": 1000.753,
    "min_interval_ms": 988.593
  },
  "reliability": {
    "expected_events": 301,
    "actual_events": 301,
    "missing_events": 0,
    "loss_rate": 0.0,
    "duplicates": 0
  },
  "events": {
    "event_count": 301,
    "mean_event_interval_ms": 999.9620333333332,
    "median_event_interval_ms": 999.999,
    "max_event_interval_ms": 1000.753
  }
}