{
  "run_id": "W2_wifi_periodic_500ms_quiet_ctrl_v2_rep6",
  "power": {
    "power_sample_count": 3000,
    "mean_power_mW": 377.5714805346667,
    "median_power_mW": 339.541962,
    "std_power_mW": 112.24618766094773,
    "min_power_mW": 307.786255,
    "p95_power_mW": 708.396912,
    "max_power_mW": 845.190796,
    "samples_above_500mW": 339,
    "fraction_above_500mW": 0.113,
    "mean_current_mA": 73.45300843633333,
    "median_current_mA": 64.977097,
    "max_current_mA": 153.990829,
    "mean_bus_v": 5.178118333333333,
    "min_bus_v": 4.94625,
    "max_bus_v": 5.25
  },
  "energy_mJ": 113200.94446780565,
  "latency": {
    "available": false,
    "source": null,
    "kind": null,
    "sample_count": 0,
    "reason": "No recognized latency column with valid numeric samples."
  },
  "timing": {
    "mean_interval_ms": 499.9813989983306,
    "median_interval_ms": 499.999,
    "std_interval_ms": 0.49073665130642974,
    "jitter_ms": 0.49073665130642974,
    "max_interval_ms": 500.642,
    "min_interval_ms": 488.869
  },
  "reliability": {
    "expected_events": 600,
    "actual_events": 600,
    "missing_events": 0,
    "loss_rate": 0.0,
    "duplicates": 0
  },
  "events": {
    "event_count": 600,
    "mean_event_interval_ms": 499.9813989983306,
    "median_event_interval_ms": 499.999,
    "max_event_interval_ms": 500.642
  }
}