{
  "run_id": "W2_wifi_periodic_8s_quiet_telemetry_v2_rep14",
  "power": {
    "power_sample_count": 8201,
    "mean_power_mW": 386.89064945189614,
    "median_power_mW": 339.541962,
    "std_power_mW": 121.08712075710515,
    "min_power_mW": 312.671753,
    "p95_power_mW": 708.396912,
    "max_power_mW": 835.419861,
    "samples_above_500mW": 1066,
    "fraction_above_500mW": 0.12998414827460067,
    "mean_current_mA": 74.88386417741738,
    "median_current_mA": 65.758774,
    "max_current_mA": 168.158768,
    "mean_bus_v": 5.156684245823681,
    "min_bus_v": 4.8825,
    "max_bus_v": 5.24125
  },
  "energy_mJ": 317216.41770088795,
  "latency": {
    "available": false,
    "source": null,
    "kind": null,
    "sample_count": 0,
    "reason": "No recognized latency column with valid numeric samples."
  },
  "timing": {
    "mean_interval_ms": 7999.889715686275,
    "median_interval_ms": 8000.005,
    "std_interval_ms": 1.1275636960555135,
    "jitter_ms": 1.1275636960555135,
    "max_interval_ms": 8000.465,
    "min_interval_ms": 7988.8
  },
  "reliability": {
    "expected_events": 103,
    "actual_events": 103,
    "missing_events": 0,
    "loss_rate": 0.0,
    "duplicates": 0
  },
  "events": {
    "event_count": 103,
    "mean_event_interval_ms": 7999.889715686275,
    "median_event_interval_ms": 8000.005,
    "max_event_interval_ms": 8000.465
  }
}