{
  "run_id": "W2_wifi_periodic_5s_quiet_telemetry_v2_rep6",
  "power": {
    "power_sample_count": 3001,
    "mean_power_mW": 376.8596012952349,
    "median_power_mW": 339.541962,
    "std_power_mW": 111.84209424331253,
    "min_power_mW": 307.786255,
    "p95_power_mW": 703.511414,
    "max_power_mW": 991.755737,
    "samples_above_500mW": 327,
    "fraction_above_500mW": 0.10896367877374209,
    "mean_current_mA": 73.05309338820393,
    "median_current_mA": 64.879387,
    "max_current_mA": 204.409149,
    "mean_bus_v": 5.185145368210597,
    "min_bus_v": 4.86375,
    "max_bus_v": 5.2525
  },
  "energy_mJ": 113024.39234989669,
  "latency": {
    "available": false,
    "source": null,
    "kind": null,
    "sample_count": 0,
    "reason": "No recognized latency column with valid numeric samples."
  },
  "timing": {
    "mean_interval_ms": 4999.810066666666,
    "median_interval_ms": 5000.0005,
    "std_interval_ms": 1.4741455769092262,
    "jitter_ms": 1.4741455769092262,
    "max_interval_ms": 5000.461,
    "min_interval_ms": 4988.668
  },
  "reliability": {
    "expected_events": 61,
    "actual_events": 61,
    "missing_events": 0,
    "loss_rate": 0.0,
    "duplicates": 0
  },
  "events": {
    "event_count": 61,
    "mean_event_interval_ms": 4999.810066666666,
    "median_event_interval_ms": 5000.0005,
    "max_event_interval_ms": 5000.461
  }
}