{
  "run_id": "W2_wifi_periodic_8s_quiet_telemetry_v2_rep2",
  "power": {
    "power_sample_count": 3001,
    "mean_power_mW": 380.5819229903367,
    "median_power_mW": 339.541962,
    "std_power_mW": 116.7056899567917,
    "min_power_mW": 312.671753,
    "p95_power_mW": 708.396912,
    "max_power_mW": 845.190796,
    "samples_above_500mW": 358,
    "fraction_above_500mW": 0.11929356881039653,
    "mean_current_mA": 73.76633323058981,
    "median_current_mA": 65.074806,
    "max_current_mA": 171.87175,
    "mean_bus_v": 5.188254748417194,
    "min_bus_v": 4.92,
    "max_bus_v": 5.24875
  },
  "energy_mJ": 114137.31003414335,
  "latency": {
    "available": false,
    "source": null,
    "kind": null,
    "sample_count": 0,
    "reason": "No recognized latency column with valid numeric samples."
  },
  "timing": {
    "mean_interval_ms": 7999.697513513515,
    "median_interval_ms": 8000.003,
    "std_interval_ms": 1.8595681640522839,
    "jitter_ms": 1.8595681640522839,
    "max_interval_ms": 8000.473,
    "min_interval_ms": 7988.812
  },
  "reliability": {
    "expected_events": 38,
    "actual_events": 38,
    "missing_events": 0,
    "loss_rate": 0.0,
    "duplicates": 0
  },
  "events": {
    "event_count": 38,
    "mean_event_interval_ms": 7999.697513513515,
    "median_event_interval_ms": 8000.003,
    "max_event_interval_ms": 8000.473
  }
}