{
  "run_id": "W2_wifi_periodic_500ms_quiet_ctrl_v2",
  "power": {
    "power_sample_count": 3001,
    "mean_power_mW": 363.0032629960013,
    "median_power_mW": 332.213715,
    "std_power_mW": 105.78875643586265,
    "min_power_mW": 232.061066,
    "p95_power_mW": 701.068726,
    "max_power_mW": 796.335876,
    "samples_above_500mW": 273,
    "fraction_above_500mW": 0.09096967677440854,
    "mean_current_mA": 72.59729760013329,
    "median_current_mA": 65.563362,
    "max_current_mA": 163.957245,
    "mean_bus_v": 5.035309480173275,
    "min_bus_v": 4.8575,
    "max_bus_v": 5.0875
  },
  "energy_mJ": 108914.77659577905,
  "latency": {
    "available": false,
    "source": null,
    "kind": null,
    "sample_count": 0,
    "reason": "No recognized latency column with valid numeric samples."
  },
  "timing": {
    "mean_interval_ms": 499.9985083333333,
    "median_interval_ms": 499.998,
    "std_interval_ms": 0.17024807568960978,
    "jitter_ms": 0.17024807568960978,
    "max_interval_ms": 500.485,
    "min_interval_ms": 499.002
  },
  "reliability": {
    "expected_events": 601,
    "actual_events": 601,
    "missing_events": 0,
    "loss_rate": 0.0,
    "duplicates": 0
  },
  "events": {
    "event_count": 601,
    "mean_event_interval_ms": 499.9985083333333,
    "median_event_interval_ms": 499.998,
    "max_event_interval_ms": 500.485
  }
}