{
  "run_id": "W2_wifi_periodic_8s_quiet_telemetry_v2_rep15",
  "power": {
    "power_sample_count": 8201,
    "mean_power_mW": 383.16978501402264,
    "median_power_mW": 339.541962,
    "std_power_mW": 115.9711799873097,
    "min_power_mW": 312.671753,
    "p95_power_mW": 708.396912,
    "max_power_mW": 784.122131,
    "samples_above_500mW": 967,
    "fraction_above_500mW": 0.11791244970125594,
    "mean_current_mA": 74.73846133166687,
    "median_current_mA": 66.05191,
    "max_current_mA": 168.25647,
    "mean_bus_v": 5.157830904767712,
    "min_bus_v": 4.87875,
    "max_bus_v": 5.23875
  },
  "energy_mJ": 314165.179408373,
  "latency": {
    "available": false,
    "source": null,
    "kind": null,
    "sample_count": 0,
    "reason": "No recognized latency column with valid numeric samples."
  },
  "timing": {
    "mean_interval_ms": 7999.8896372549025,
    "median_interval_ms": 7999.9985,
    "std_interval_ms": 1.1766313283925594,
    "jitter_ms": 1.1766313283925594,
    "max_interval_ms": 8000.507,
    "min_interval_ms": 7988.365
  },
  "reliability": {
    "expected_events": 103,
    "actual_events": 103,
    "missing_events": 0,
    "loss_rate": 0.0,
    "duplicates": 0
  },
  "events": {
    "event_count": 103,
    "mean_event_interval_ms": 7999.8896372549025,
    "median_event_interval_ms": 7999.9985,
    "max_event_interval_ms": 8000.507
  }
}