{
  "run_id": "W3_wifi_auto_moderate",
  "boot_selection": {
    "original_rows": 202,
    "selected_rows": 200,
    "selected_boot_id": 631503868,
    "boot_candidates": [
      {
        "boot_id": 545942674,
        "count": 1,
        "min": 8,
        "max": 8
      },
      {
        "boot_id": 631503868,
        "count": 100,
        "min": 1,
        "max": 100
      }
    ]
  },
  "latency": {
    "available": true,
    "source": "rtt_us",
    "mean_latency_ms": 15.676180000000002,
    "std_latency_ms": 3.958151633163023,
    "p95_latency_ms": 23.956899999999997,
    "p99_latency_ms": 26.02700000000003,
    "max_latency_ms": 31.967,
    "temporal_std_ms": 1.5076536780338146,
    "outlier_rate": 0.0,
    "sample_count": 100,
    "median_latency_ms": 14.157499999999999,
    "mad_latency_ms": 2.0859999999999985,
    "p99_threshold_ms": 26.02700000000003,
    "extreme_count": 1,
    "extreme_max_ms": 31.967
  },
  "reliability": {
    "loss_rate": 0.0,
    "actual_events": 100,
    "expected_events": 100,
    "missing_events": 0,
    "duplicates": 0
  },
  "timing": {
    "mean_interval_ms": 3029.8886363636375,
    "std_interval_ms": 140.05642768267995,
    "jitter_ms": 140.05642768267995
  },
  "data_quality": {
    "total_rows": 200,
    "unique_payload_rows": 200,
    "duplicate_payload_rows": 0,
    "event_duplicate_payload_rows": 0,
    "rtt_duplicate_payload_rows": 0
  }
}